0000000045370.76,45370.76,45370.76,21-09-12-07-29
0000000045440.57,45440.57,45440.57,21-09-12-07-32
0000000045455.31,45455.31,45455.31,21-09-12-07-33
0000000045463.16,45463.16,45463.16,21-09-12-07-34
0000000045471.17,45471.17,45471.17,21-09-12-07-35
0000000045492.78,45492.78,45492.78,21-09-12-07-36
0000000045480.46,45480.46,45480.46,21-09-12-07-37
0000000045454.01,45454.01,45454.01,21-09-12-07-38
0000000045464.54,45464.54,45464.54,21-09-12-07-39
0000000045455.38,45455.38,45455.38,21-09-12-07-40
0000000045458.2,45458.2,45458.2,21-09-12-07-41
0000000045419.63,45419.63,45419.63,21-09-12-07-42
0000000045424.77,45424.77,45424.77,21-09-12-07-43
0000000045421.37,45421.37,45421.37,21-09-12-07-44
0000000045418.19,45418.19,45418.19,21-09-12-07-45
0000000045413.02,45413.02,45413.02,21-09-12-07-46
0000000045395.71,45395.71,45395.71,21-09-12-07-47
0000000045389.06,45389.06,45389.06,21-09-12-07-48
0000000045390.3,45390.3,45390.3,21-09-12-07-49
0000000045388.39,45388.39,45388.39,21-09-12-07-50
0000000045385.69,45385.69,45385.69,21-09-12-07-51
0000000045389.9,45389.9,45389.9,21-09-12-07-52
0000000045376.67,45376.67,45376.67,21-09-12-07-53
0000000045371.33,45371.33,45371.33,21-09-12-07-54
0000000045324.74,45324.74,45324.74,21-09-12-07-55
0000000045334.43,45334.43,45334.43,21-09-12-07-56
0000000045331.41,45331.41,45331.41,21-09-12-07-57
0000000045331.41,45331.41,45331.41,21-09-12-07-58
0000000045336.8,45336.8,45336.8,21-09-12-07-59
0000000045347.0,45347.0,45347.0,21-09-12-08-00
0000000045305.39,45305.39,45305.39,21-09-12-08-01
0000000045324.39,45324.39,45324.39,21-09-12-08-02
0000000045363.66,45363.66,45363.66,21-09-12-08-03
0000000045387.94,45387.94,45387.94,21-09-12-08-04
0000000045387.94,45387.94,45387.94,21-09-12-08-05
0000000045421.9,45421.9,45421.9,21-09-12-08-06
0000000045433.58,45433.58,45433.58,21-09-12-08-07
0000000045433.58,45433.58,45433.58,21-09-12-08-08
0000000045454.25,45454.25,45454.25,21-09-12-08-09
0000000045454.25,45454.25,45454.25,21-09-12-08-10
0000000045480.23,45480.23,45480.23,21-09-12-08-11
0000000045488.54,45488.54,45488.54,21-09-12-08-12
0000000045473.31,45473.31,45473.31,21-09-12-08-13
0000000045475.84,45475.84,45475.84,21-09-12-08-14
0000000045443.13,45443.13,45443.13,21-09-12-08-15
0000000045457.46,45457.46,45457.46,21-09-12-08-16
0000000045471.43,45471.43,45471.43,21-09-12-08-18
0000000045477.3,45477.3,45477.3,21-09-12-08-19
0000000045436.95,45436.95,45436.95,21-09-12-08-20
0000000045436.95,45436.95,45436.95,21-09-12-08-21
0000000045423.0,45423.0,45423.0,21-09-12-08-22
0000000045404.4,45404.4,45404.4,21-09-12-08-23
0000000045403.7,45403.7,45403.7,21-09-12-08-24
0000000045403.83,45403.83,45403.83,21-09-12-08-25
0000000045391.96,45391.96,45391.96,21-09-12-08-26
0000000045399.02,45399.02,45399.02,21-09-12-08-27
0000000045397.61,45397.61,45397.61,21-09-12-08-28
0000000045408.54,45408.54,45408.54,21-09-12-08-29
0000000045400.13,45400.13,45400.13,21-09-12-08-30
0000000045431.91,45431.91,45431.91,21-09-12-08-31
0000000045431.91,45431.91,45431.91,21-09-12-08-32
0000000045400.91,45400.91,45400.91,21-09-12-08-33
0000000045400.91,45400.91,45400.91,21-09-12-08-34
0000000045374.53,45374.53,45374.53,21-09-12-08-35
0000000045374.53,45374.53,45374.53,21-09-12-08-36
0000000045374.93,45374.93,45374.93,21-09-12-08-37
0000000045378.7,45378.7,45378.7,21-09-12-08-38
0000000045384.4,45384.4,45384.4,21-09-12-08-39
0000000045375.44,45375.44,45375.44,21-09-12-08-40
0000000045382.27,45382.27,45382.27,21-09-12-08-41
0000000045375.85,45375.85,45375.85,21-09-12-08-42
0000000045373.94,45373.94,45373.94,21-09-12-08-43
0000000045368.5,45368.5,45368.5,21-09-12-08-44
0000000045338.26,45338.26,45338.26,21-09-12-08-45
0000000045342.42,45342.42,45342.42,21-09-12-08-46
0000000045350.05,45350.05,45350.05,21-09-12-08-47
0000000045378.62,45378.62,45378.62,21-09-12-08-48
0000000045378.69,45378.69,45378.69,21-09-12-08-49
0000000045402.51,45402.51,45402.51,21-09-12-08-50
0000000045403.17,45403.17,45403.17,21-09-12-08-51
0000000045419.71,45419.71,45419.71,21-09-12-08-52
0000000045423.15,45423.15,45423.15,21-09-12-08-53
0000000045425.49,45425.49,45425.49,21-09-12-08-54
0000000045418.58,45418.58,45418.58,21-09-12-08-55
0000000045419.69,45419.69,45419.69,21-09-12-08-56
0000000045397.84,45397.84,45397.84,21-09-12-08-57
0000000045394.21,45394.21,45394.21,21-09-12-08-58
0000000045403.2,45403.2,45403.2,21-09-12-08-59
0000000045392.6,45392.6,45392.6,21-09-12-09-00
0000000045403.34,45403.34,45403.34,21-09-12-09-01
0000000045401.13,45401.13,45401.13,21-09-12-09-02
0000000045400.4,45400.4,45400.4,21-09-12-09-03
0000000045402.81,45402.81,45402.81,21-09-12-09-04
0000000045419.18,45419.18,45419.18,21-09-12-09-05
0000000045424.66,45424.66,45424.66,21-09-12-09-06
0000000045408.73,45408.73,45408.73,21-09-12-09-07
0000000045403.59,45403.59,45403.59,21-09-12-09-08
0000000045397.53,45397.53,45397.53,21-09-12-09-09
0000000045398.91,45398.91,45398.91,21-09-12-09-10
0000000045338.16,45338.16,45338.16,21-09-12-09-11
0000000045326.48,45326.48,45326.48,21-09-12-09-12
0000000045307.46,45307.46,45307.46,21-09-12-09-13
0000000045307.46,45307.46,45307.46,21-09-12-09-14
0000000045307.58,45307.58,45307.58,21-09-12-09-15
0000000045295.9,45295.9,45295.9,21-09-12-09-16
0000000045282.74,45282.74,45282.74,21-09-12-09-17
0000000045266.27,45266.27,45266.27,21-09-12-09-18
0000000045290.82,45290.82,45290.82,21-09-12-09-19
0000000045293.44,45293.44,45293.44,21-09-12-09-20
0000000045315.15,45315.15,45315.15,21-09-12-09-21
0000000045326.58,45326.58,45326.58,21-09-12-09-22
0000000045326.58,45326.58,45326.58,21-09-12-09-23
0000000045323.14,45323.14,45323.14,21-09-12-09-24
0000000045322.54,45322.54,45322.54,21-09-12-09-25
0000000045336.99,45336.99,45336.99,21-09-12-09-26
0000000045385.36,45385.36,45385.36,21-09-12-09-27
0000000045370.54,45370.54,45370.54,21-09-12-09-28
0000000045381.68,45381.68,45381.68,21-09-12-09-29
0000000045336.73,45336.73,45336.73,21-09-12-09-30
0000000045336.73,45336.73,45336.73,21-09-12-09-31
0000000045303.67,45303.67,45303.67,21-09-12-09-32
0000000045308.07,45308.07,45308.07,21-09-12-09-33
0000000045309.97,45309.97,45309.97,21-09-12-09-34
0000000045288.31,45288.31,45288.31,21-09-12-09-35
0000000045312.48,45312.48,45312.48,21-09-12-09-37
0000000045312.48,45312.48,45312.48,21-09-12-09-38
0000000045314.8,45314.8,45314.8,21-09-12-09-39
0000000045314.8,45314.8,45314.8,21-09-12-09-40
0000000045308.44,45308.44,45308.44,21-09-12-09-41
0000000045316.82,45316.82,45316.82,21-09-12-09-42
0000000045272.17,45272.17,45272.17,21-09-12-09-43
0000000045272.17,45272.17,45272.17,21-09-12-09-44
0000000045249.91,45249.91,45249.91,21-09-12-09-45
0000000045249.91,45249.91,45249.91,21-09-12-09-46
0000000045229.3,45229.3,45229.3,21-09-12-09-47
0000000045207.91,45207.91,45207.91,21-09-12-09-48
0000000045201.8,45201.8,45201.8,21-09-12-09-49
0000000045201.8,45201.8,45201.8,21-09-12-09-50
0000000045197.28,45197.28,45197.28,21-09-12-09-51
0000000045195.16,45195.16,45195.16,21-09-12-09-52
0000000045198.38,45198.38,45198.38,21-09-12-09-53
0000000045159.05,45159.05,45159.05,21-09-12-09-54
0000000045166.43,45166.43,45166.43,21-09-12-09-55
0000000045166.43,45166.43,45166.43,21-09-12-09-56
0000000045186.98,45186.98,45186.98,21-09-12-09-57
0000000045178.05,45178.05,45178.05,21-09-12-09-58
0000000045191.17,45191.17,45191.17,21-09-12-09-59
0000000045182.05,45182.05,45182.05,21-09-12-10-00
0000000045182.05,45182.05,45182.05,21-09-12-10-01
0000000045185.59,45185.59,45185.59,21-09-12-10-02
0000000045186.06,45186.06,45186.06,21-09-12-10-03
0000000045184.69,45184.69,45184.69,21-09-12-10-04
0000000045184.82,45184.82,45184.82,21-09-12-10-05
0000000045173.46,45173.46,45173.46,21-09-12-10-06
0000000045156.34,45156.34,45156.34,21-09-12-10-07
0000000045150.38,45150.38,45150.38,21-09-12-10-08
0000000045123.26,45123.26,45123.26,21-09-12-10-09
0000000045142.1,45142.1,45142.1,21-09-12-10-10
0000000045145.93,45145.93,45145.93,21-09-12-10-11
0000000045138.05,45138.05,45138.05,21-09-12-10-12
0000000045141.72,45141.72,45141.72,21-09-12-10-13
0000000045143.52,45143.52,45143.52,21-09-12-10-14
0000000045139.51,45139.51,45139.51,21-09-12-10-15
0000000045145.89,45145.89,45145.89,21-09-12-10-16
0000000045141.54,45141.54,45141.54,21-09-12-10-17
0000000045137.94,45137.94,45137.94,21-09-12-10-18
0000000045141.14,45141.14,45141.14,21-09-12-10-19
0000000045138.84,45138.84,45138.84,21-09-12-10-20
0000000045138.53,45138.53,45138.53,21-09-12-10-21
0000000045136.03,45136.03,45136.03,21-09-12-10-22
0000000045136.02,45136.02,45136.02,21-09-12-10-23
0000000045118.57,45118.57,45118.57,21-09-12-10-24
0000000045103.56,45103.56,45103.56,21-09-12-10-25
0000000045104.11,45104.11,45104.11,21-09-12-10-26
0000000045090.73,45090.73,45090.73,21-09-12-10-27
0000000045106.78,45106.78,45106.78,21-09-12-10-28
0000000045104.26,45104.26,45104.26,21-09-12-10-29
0000000045112.35,45112.35,45112.35,21-09-12-10-30
0000000045113.62,45113.62,45113.62,21-09-12-10-31
0000000045119.81,45119.81,45119.81,21-09-12-10-32
0000000045135.5,45135.5,45135.5,21-09-12-10-33
0000000045137.06,45137.06,45137.06,21-09-12-10-34
0000000045138.99,45138.99,45138.99,21-09-12-10-35
0000000045153.77,45153.77,45153.77,21-09-12-10-36
0000000045168.59,45168.59,45168.59,21-09-12-10-37
0000000045168.59,45168.59,45168.59,21-09-12-10-38
0000000045181.83,45181.83,45181.83,21-09-12-10-39
0000000045226.52,45226.52,45226.52,21-09-12-10-40
0000000045219.85,45219.85,45219.85,21-09-12-10-41
0000000045224.66,45224.66,45224.66,21-09-12-10-42
0000000045222.03,45222.03,45222.03,21-09-12-10-43
0000000045221.98,45221.98,45221.98,21-09-12-10-44
0000000045219.1,45219.1,45219.1,21-09-12-10-45
0000000045266.65,45266.65,45266.65,21-09-12-10-46
0000000045269.72,45269.72,45269.72,21-09-12-10-47
0000000045285.42,45285.42,45285.42,21-09-12-10-48
0000000045290.98,45290.98,45290.98,21-09-12-10-49
0000000045302.85,45302.85,45302.85,21-09-12-10-50
0000000045302.85,45302.85,45302.85,21-09-12-10-51
0000000045305.6,45305.6,45305.6,21-09-12-10-52
0000000045303.17,45303.17,45303.17,21-09-12-10-53
0000000045306.77,45306.77,45306.77,21-09-12-10-54
0000000045374.62,45374.62,45374.62,21-09-12-10-55
0000000045360.66,45360.66,45360.66,21-09-12-10-56
0000000045364.97,45364.97,45364.97,21-09-12-10-57
0000000045369.85,45369.85,45369.85,21-09-12-10-59
0000000045374.33,45374.33,45374.33,21-09-12-11-00
0000000045364.96,45364.96,45364.96,21-09-12-11-01
0000000045351.11,45351.11,45351.11,21-09-12-11-02
0000000045362.99,45362.99,45362.99,21-09-12-11-03
0000000045351.44,45351.44,45351.44,21-09-12-11-04
0000000045351.44,45351.44,45351.44,21-09-12-11-05
0000000045407.15,45407.15,45407.15,21-09-12-11-06
0000000045407.15,45407.15,45407.15,21-09-12-11-07
0000000045357.6,45357.6,45357.6,21-09-12-11-08
0000000045357.6,45357.6,45357.6,21-09-12-11-09
0000000045356.18,45356.18,45356.18,21-09-12-11-10
0000000045336.03,45336.03,45336.03,21-09-12-11-11
0000000045351.08,45351.08,45351.08,21-09-12-11-12
0000000045336.71,45336.71,45336.71,21-09-12-11-13
0000000045410.08,45410.08,45410.08,21-09-12-11-14
0000000045410.08,45410.08,45410.08,21-09-12-11-15
0000000045638.8,45638.8,45638.8,21-09-12-11-16
0000000045638.8,45638.8,45638.8,21-09-12-11-17
0000000045679.86,45679.86,45679.86,21-09-12-11-18
0000000045668.34,45668.34,45668.34,21-09-12-11-19
0000000045906.28,45906.28,45906.28,21-09-12-11-20
0000000045960.41,45960.41,45960.41,21-09-12-11-21
0000000045909.61,45909.61,45909.61,21-09-12-11-22
0000000045967.27,45967.27,45967.27,21-09-12-11-23
0000000045982.65,45982.65,45982.65,21-09-12-11-24
0000000045987.24,45987.24,45987.24,21-09-12-11-25
0000000045981.47,45981.47,45981.47,21-09-12-11-26
0000000045883.05,45883.05,45883.05,21-09-12-11-27
0000000045916.47,45916.47,45916.47,21-09-12-11-28
0000000045917.11,45917.11,45917.11,21-09-12-11-29
0000000045909.99,45909.99,45909.99,21-09-12-11-30
0000000045956.7,45956.7,45956.7,21-09-12-11-31
0000000045955.79,45955.79,45955.79,21-09-12-11-32
0000000045936.61,45936.61,45936.61,21-09-12-11-33
0000000045922.04,45922.04,45922.04,21-09-12-11-34
0000000045914.61,45914.61,45914.61,21-09-12-11-35
0000000045952.99,45952.99,45952.99,21-09-12-11-36
0000000045972.56,45972.56,45972.56,21-09-12-11-37
0000000045981.64,45981.64,45981.64,21-09-12-11-38
0000000045962.6,45962.6,45962.6,21-09-12-11-39
0000000045977.54,45977.54,45977.54,21-09-12-11-40
0000000045980.33,45980.33,45980.33,21-09-12-11-41
0000000046030.33,46030.33,46030.33,21-09-12-11-42
0000000045986.97,45986.97,45986.97,21-09-12-11-43
0000000045983.44,45983.44,45983.44,21-09-12-11-44
0000000046000.29,46000.29,46000.29,21-09-12-11-45
0000000045988.86,45988.86,45988.86,21-09-12-11-46
0000000045982.0,45982.0,45982.0,21-09-12-11-47
0000000045976.55,45976.55,45976.55,21-09-12-11-48
0000000045978.47,45978.47,45978.47,21-09-12-11-49
0000000045952.61,45952.61,45952.61,21-09-12-11-50
0000000045932.39,45932.39,45932.39,21-09-12-11-51
0000000045958.88,45958.88,45958.88,21-09-12-11-52
0000000045942.69,45942.69,45942.69,21-09-12-11-53
0000000045969.49,45969.49,45969.49,21-09-12-11-54
0000000045977.91,45977.91,45977.91,21-09-12-11-55
0000000046012.51,46012.51,46012.51,21-09-12-11-56
0000000045997.24,45997.24,45997.24,21-09-12-11-57
0000000046009.39,46009.39,46009.39,21-09-12-11-58
0000000046068.22,46068.22,46068.22,21-09-12-11-59
0000000046124.67,46124.67,46124.67,21-09-12-12-00
0000000046076.24,46076.24,46076.24,21-09-12-12-01
0000000046076.24,46076.24,46076.24,21-09-12-12-02
0000000046072.37,46072.37,46072.37,21-09-12-12-03
0000000046072.37,46072.37,46072.37,21-09-12-12-04
0000000046061.24,46061.24,46061.24,21-09-12-12-05
0000000046061.24,46061.24,46061.24,21-09-12-12-06
0000000046042.66,46042.66,46042.66,21-09-12-12-07
0000000046042.66,46042.66,46042.66,21-09-12-12-08
0000000046039.51,46039.51,46039.51,21-09-12-12-09
0000000046043.86,46043.86,46043.86,21-09-12-12-10
0000000046046.98,46046.98,46046.98,21-09-12-12-11
0000000046043.68,46043.68,46043.68,21-09-12-12-12
0000000046043.68,46043.68,46043.68,21-09-12-12-13
0000000046052.41,46052.41,46052.41,21-09-12-12-14
0000000046067.1,46067.1,46067.1,21-09-12-12-15
0000000046082.85,46082.85,46082.85,21-09-12-12-16
0000000046089.99,46089.99,46089.99,21-09-12-12-17
0000000046094.06,46094.06,46094.06,21-09-12-12-18
0000000046096.21,46096.21,46096.21,21-09-12-12-19
0000000046096.21,46096.21,46096.21,21-09-12-12-20
0000000046038.09,46038.09,46038.09,21-09-12-12-22
0000000046038.09,46038.09,46038.09,21-09-12-12-23
0000000046059.04,46059.04,46059.04,21-09-12-12-24
0000000046059.04,46059.04,46059.04,21-09-12-12-25
0000000046053.17,46053.17,46053.17,21-09-12-12-26
0000000046055.31,46055.31,46055.31,21-09-12-12-27
0000000046055.31,46055.31,46055.31,21-09-12-12-28
0000000046059.42,46059.42,46059.42,21-09-12-12-29
0000000046052.17,46052.17,46052.17,21-09-12-12-30
0000000046058.2,46058.2,46058.2,21-09-12-12-31
0000000046075.61,46075.61,46075.61,21-09-12-12-32
0000000046078.84,46078.84,46078.84,21-09-12-12-33
0000000046077.1,46077.1,46077.1,21-09-12-12-34
0000000046072.1,46072.1,46072.1,21-09-12-12-35
0000000046091.35,46091.35,46091.35,21-09-12-12-36
0000000046074.96,46074.96,46074.96,21-09-12-12-37
0000000046051.06,46051.06,46051.06,21-09-12-12-38
0000000046057.69,46057.69,46057.69,21-09-12-12-39
0000000046045.25,46045.25,46045.25,21-09-12-12-40
0000000046045.25,46045.25,46045.25,21-09-12-12-41
0000000046027.08,46027.08,46027.08,21-09-12-12-42
0000000045998.64,45998.64,45998.64,21-09-12-12-43
0000000045974.46,45974.46,45974.46,21-09-12-12-44
0000000045920.72,45920.72,45920.72,21-09-12-12-45
0000000045920.72,45920.72,45920.72,21-09-12-12-46
0000000045940.05,45940.05,45940.05,21-09-12-12-47
0000000045934.59,45934.59,45934.59,21-09-12-12-48
0000000045947.3,45947.3,45947.3,21-09-12-12-49
0000000045950.07,45950.07,45950.07,21-09-12-12-50
0000000045943.97,45943.97,45943.97,21-09-12-12-51
0000000045946.73,45946.73,45946.73,21-09-12-12-52
0000000045941.89,45941.89,45941.89,21-09-12-12-53
0000000045940.09,45940.09,45940.09,21-09-12-12-54
0000000045938.65,45938.65,45938.65,21-09-12-12-55
0000000045925.14,45925.14,45925.14,21-09-12-12-56
0000000045931.95,45931.95,45931.95,21-09-12-12-57
0000000045932.87,45932.87,45932.87,21-09-12-12-58
0000000045925.21,45925.21,45925.21,21-09-12-12-59
0000000045879.66,45879.66,45879.66,21-09-12-13-00
0000000045880.6,45880.6,45880.6,21-09-12-13-01
0000000045876.66,45876.66,45876.66,21-09-12-13-02
0000000045834.27,45834.27,45834.27,21-09-12-13-03
0000000045820.94,45820.94,45820.94,21-09-12-13-04
0000000045760.29,45760.29,45760.29,21-09-12-13-05
0000000045810.84,45810.84,45810.84,21-09-12-13-06
0000000045830.76,45830.76,45830.76,21-09-12-13-07
0000000045826.07,45826.07,45826.07,21-09-12-13-08
0000000045826.8,45826.8,45826.8,21-09-12-13-09
0000000045844.56,45844.56,45844.56,21-09-12-13-10
0000000045865.52,45865.52,45865.52,21-09-12-13-11
0000000045877.27,45877.27,45877.27,21-09-12-13-12
0000000045914.41,45914.41,45914.41,21-09-12-13-13
0000000045915.79,45915.79,45915.79,21-09-12-13-14
0000000045881.98,45881.98,45881.98,21-09-12-13-15
0000000045919.9,45919.9,45919.9,21-09-12-13-16
0000000045931.41,45931.41,45931.41,21-09-12-13-17
0000000045926.78,45926.78,45926.78,21-09-12-13-18
0000000045915.49,45915.49,45915.49,21-09-12-13-19
0000000045918.82,45918.82,45918.82,21-09-12-13-20
0000000045922.62,45922.62,45922.62,21-09-12-13-21
0000000045922.38,45922.38,45922.38,21-09-12-13-22
0000000045919.68,45919.68,45919.68,21-09-12-13-23
0000000045914.34,45914.34,45914.34,21-09-12-13-24
0000000045928.18,45928.18,45928.18,21-09-12-13-25
0000000045919.76,45919.76,45919.76,21-09-12-13-26
0000000045920.32,45920.32,45920.32,21-09-12-13-27
0000000045923.24,45923.24,45923.24,21-09-12-13-28
0000000045919.16,45919.16,45919.16,21-09-12-13-29
0000000045916.29,45916.29,45916.29,21-09-12-13-30
0000000045916.64,45916.64,45916.64,21-09-12-13-31
0000000045922.06,45922.06,45922.06,21-09-12-13-32
0000000045922.58,45922.58,45922.58,21-09-12-13-33
0000000045922.58,45922.58,45922.58,21-09-12-13-34
0000000045920.92,45920.92,45920.92,21-09-12-13-35
0000000045902.89,45902.89,45902.89,21-09-12-13-36
0000000045859.81,45859.81,45859.81,21-09-12-13-37
0000000045866.76,45866.76,45866.76,21-09-12-13-38
0000000045866.76,45866.76,45866.76,21-09-12-13-39
0000000045857.41,45857.41,45857.41,21-09-12-13-40
0000000045864.55,45864.55,45864.55,21-09-12-13-41
0000000045856.47,45856.47,45856.47,21-09-12-13-42
0000000045860.89,45860.89,45860.89,21-09-12-13-43
0000000045860.19,45860.19,45860.19,21-09-12-13-44
0000000045902.25,45902.25,45902.25,21-09-12-13-45
0000000045867.33,45867.33,45867.33,21-09-12-13-47
0000000045867.33,45867.33,45867.33,21-09-12-13-48
0000000045847.01,45847.01,45847.01,21-09-12-13-49
0000000045847.01,45847.01,45847.01,21-09-12-13-50
0000000045858.74,45858.74,45858.74,21-09-12-13-51
0000000045871.09,45871.09,45871.09,21-09-12-13-52
0000000045873.47,45873.47,45873.47,21-09-12-13-53
0000000045876.7,45876.7,45876.7,21-09-12-13-54
0000000045884.71,45884.71,45884.71,21-09-12-13-55
0000000045912.04,45912.04,45912.04,21-09-12-13-56
0000000045915.53,45915.53,45915.53,21-09-12-13-57
0000000045929.17,45929.17,45929.17,21-09-12-13-58
0000000045933.13,45933.13,45933.13,21-09-12-13-59
0000000045966.62,45966.62,45966.62,21-09-12-14-00
0000000045976.79,45976.79,45976.79,21-09-12-14-01
0000000045976.79,45976.79,45976.79,21-09-12-14-02
0000000045967.04,45967.04,45967.04,21-09-12-14-03
0000000045975.01,45975.01,45975.01,21-09-12-14-04
0000000045971.72,45971.72,45971.72,21-09-12-14-05
0000000045971.72,45971.72,45971.72,21-09-12-14-06
0000000045971.51,45971.51,45971.51,21-09-12-14-07
0000000045981.29,45981.29,45981.29,21-09-12-14-08
0000000045987.63,45987.63,45987.63,21-09-12-14-09
0000000045989.52,45989.52,45989.52,21-09-12-14-10
0000000045996.28,45996.28,45996.28,21-09-12-14-11
0000000045991.12,45991.12,45991.12,21-09-12-14-12
0000000045990.04,45990.04,45990.04,21-09-12-14-13
0000000045991.69,45991.69,45991.69,21-09-12-14-14
0000000045998.26,45998.26,45998.26,21-09-12-14-15
0000000045997.19,45997.19,45997.19,21-09-12-14-16
0000000045997.1,45997.1,45997.1,21-09-12-14-17
0000000045956.17,45956.17,45956.17,21-09-12-14-18
0000000045953.22,45953.22,45953.22,21-09-12-14-19
0000000045940.74,45940.74,45940.74,21-09-12-14-20
0000000045931.52,45931.52,45931.52,21-09-12-14-21
0000000045911.85,45911.85,45911.85,21-09-12-14-22
0000000045904.03,45904.03,45904.03,21-09-12-14-23
0000000045925.69,45925.69,45925.69,21-09-12-14-24
0000000045939.85,45939.85,45939.85,21-09-12-14-25
0000000045933.65,45933.65,45933.65,21-09-12-14-26
0000000045933.87,45933.87,45933.87,21-09-12-14-27
0000000045933.81,45933.81,45933.81,21-09-12-14-28
0000000045935.36,45935.36,45935.36,21-09-12-14-29
0000000045936.59,45936.59,45936.59,21-09-12-14-30
0000000045951.29,45951.29,45951.29,21-09-12-14-31
0000000045937.55,45937.55,45937.55,21-09-12-14-32
0000000045906.77,45906.77,45906.77,21-09-12-14-33
0000000045916.58,45916.58,45916.58,21-09-12-14-34
0000000045917.74,45917.74,45917.74,21-09-12-14-35
0000000045935.87,45935.87,45935.87,21-09-12-14-36
0000000045941.51,45941.51,45941.51,21-09-12-14-37
0000000045956.44,45956.44,45956.44,21-09-12-14-38
0000000045940.64,45940.64,45940.64,21-09-12-14-39
0000000045953.64,45953.64,45953.64,21-09-12-14-40
0000000045963.73,45963.73,45963.73,21-09-12-14-41
0000000045957.81,45957.81,45957.81,21-09-12-14-42
0000000045955.58,45955.58,45955.58,21-09-12-14-43
0000000045959.04,45959.04,45959.04,21-09-12-14-44
0000000045938.69,45938.69,45938.69,21-09-12-14-45
0000000045965.77,45965.77,45965.77,21-09-12-14-46
0000000045965.36,45965.36,45965.36,21-09-12-14-47
0000000045961.33,45961.33,45961.33,21-09-12-14-48
0000000045964.06,45964.06,45964.06,21-09-12-14-49
0000000045968.45,45968.45,45968.45,21-09-12-14-50
0000000045982.62,45982.62,45982.62,21-09-12-14-51
0000000046008.25,46008.25,46008.25,21-09-12-14-52
0000000046022.38,46022.38,46022.38,21-09-12-14-53
0000000046022.38,46022.38,46022.38,21-09-12-14-54
0000000046043.53,46043.53,46043.53,21-09-12-14-55
0000000046048.06,46048.06,46048.06,21-09-12-14-56
0000000046065.88,46065.88,46065.88,21-09-12-14-57
0000000046055.3,46055.3,46055.3,21-09-12-14-58
0000000046034.86,46034.86,46034.86,21-09-12-14-59
0000000046092.47,46092.47,46092.47,21-09-12-15-00
0000000046120.09,46120.09,46120.09,21-09-12-15-01
0000000046062.91,46062.91,46062.91,21-09-12-15-02
0000000046062.91,46062.91,46062.91,21-09-12-15-03
0000000046136.78,46136.78,46136.78,21-09-12-15-04
0000000046132.63,46132.63,46132.63,21-09-12-15-05
0000000046132.63,46132.63,46132.63,21-09-12-15-06
0000000046138.58,46138.58,46138.58,21-09-12-15-07
0000000046138.58,46138.58,46138.58,21-09-12-15-08
0000000046144.24,46144.24,46144.24,21-09-12-15-09
0000000046150.0,46150.0,46150.0,21-09-12-15-10
0000000046142.25,46142.25,46142.25,21-09-12-15-12
0000000046124.77,46124.77,46124.77,21-09-12-15-13
0000000046101.4,46101.4,46101.4,21-09-12-15-14
0000000046101.4,46101.4,46101.4,21-09-12-15-15
0000000046073.15,46073.15,46073.15,21-09-12-15-16
0000000046055.65,46055.65,46055.65,21-09-12-15-17
0000000046056.69,46056.69,46056.69,21-09-12-15-18
0000000046056.49,46056.49,46056.49,21-09-12-15-19
0000000046046.29,46046.29,46046.29,21-09-12-15-20
0000000046027.98,46027.98,46027.98,21-09-12-15-21
0000000046027.98,46027.98,46027.98,21-09-12-15-22
0000000046030.36,46030.36,46030.36,21-09-12-15-23
0000000046024.67,46024.67,46024.67,21-09-12-15-24
0000000046019.55,46019.55,46019.55,21-09-12-15-25
0000000046019.55,46019.55,46019.55,21-09-12-15-26
0000000046073.11,46073.11,46073.11,21-09-12-15-27
0000000046072.39,46072.39,46072.39,21-09-12-15-28
0000000046064.15,46064.15,46064.15,21-09-12-15-29
0000000046030.26,46030.26,46030.26,21-09-12-15-30
0000000046030.26,46030.26,46030.26,21-09-12-15-31
0000000046063.43,46063.43,46063.43,21-09-12-15-32
0000000046040.69,46040.69,46040.69,21-09-12-15-33
0000000046039.42,46039.42,46039.42,21-09-12-15-34
0000000046041.06,46041.06,46041.06,21-09-12-15-35
0000000046021.52,46021.52,46021.52,21-09-12-15-36
0000000045995.0,45995.0,45995.0,21-09-12-15-37
0000000046001.44,46001.44,46001.44,21-09-12-15-38
0000000046011.69,46011.69,46011.69,21-09-12-15-39
0000000046008.22,46008.22,46008.22,21-09-12-15-40
0000000046008.77,46008.77,46008.77,21-09-12-15-41
0000000046028.88,46028.88,46028.88,21-09-12-15-42
0000000046037.89,46037.89,46037.89,21-09-12-15-43
0000000046043.46,46043.46,46043.46,21-09-12-15-44
0000000046108.32,46108.32,46108.32,21-09-12-15-45
0000000046122.17,46122.17,46122.17,21-09-12-15-46
0000000046102.1,46102.1,46102.1,21-09-12-15-47
0000000046109.94,46109.94,46109.94,21-09-12-15-48
0000000046095.3,46095.3,46095.3,21-09-12-15-49
0000000046073.32,46073.32,46073.32,21-09-12-15-50
0000000046031.22,46031.22,46031.22,21-09-12-15-51
0000000046011.41,46011.41,46011.41,21-09-12-15-52
0000000046032.85,46032.85,46032.85,21-09-12-15-53
0000000046012.07,46012.07,46012.07,21-09-12-15-54
0000000046032.34,46032.34,46032.34,21-09-12-15-55
0000000046038.91,46038.91,46038.91,21-09-12-15-56
0000000046048.41,46048.41,46048.41,21-09-12-15-57
0000000046014.96,46014.96,46014.96,21-09-12-15-58
0000000046019.03,46019.03,46019.03,21-09-12-15-59
0000000046009.69,46009.69,46009.69,21-09-12-16-00
0000000046006.53,46006.53,46006.53,21-09-12-16-01
0000000046014.95,46014.95,46014.95,21-09-12-16-02
0000000046023.66,46023.66,46023.66,21-09-12-16-03
0000000046028.78,46028.78,46028.78,21-09-12-16-04
0000000045986.12,45986.12,45986.12,21-09-12-16-05
0000000045993.47,45993.47,45993.47,21-09-12-16-06
0000000046012.23,46012.23,46012.23,21-09-12-16-07
0000000046024.62,46024.62,46024.62,21-09-12-16-08
0000000046024.41,46024.41,46024.41,21-09-12-16-09
0000000046016.13,46016.13,46016.13,21-09-12-16-10
0000000046040.06,46040.06,46040.06,21-09-12-16-11
0000000046043.49,46043.49,46043.49,21-09-12-16-12
0000000046054.37,46054.37,46054.37,21-09-12-16-13
0000000046054.37,46054.37,46054.37,21-09-12-16-14
0000000046058.59,46058.59,46058.59,21-09-12-16-15
0000000046063.55,46063.55,46063.55,21-09-12-16-16
0000000046089.23,46089.23,46089.23,21-09-12-16-17
0000000046083.89,46083.89,46083.89,21-09-12-16-18
0000000046083.89,46083.89,46083.89,21-09-12-16-19
0000000046112.54,46112.54,46112.54,21-09-12-16-20
0000000046112.33,46112.33,46112.33,21-09-12-16-21
0000000046112.33,46112.33,46112.33,21-09-12-16-22
0000000046113.97,46113.97,46113.97,21-09-12-16-23
0000000046108.27,46108.27,46108.27,21-09-12-16-24
0000000046087.25,46087.25,46087.25,21-09-12-16-25
0000000046101.13,46101.13,46101.13,21-09-12-16-26
0000000046095.86,46095.86,46095.86,21-09-12-16-27
0000000046048.82,46048.82,46048.82,21-09-12-16-28
0000000046096.58,46096.58,46096.58,21-09-12-16-29
0000000046096.58,46096.58,46096.58,21-09-12-16-30
0000000046127.06,46127.06,46127.06,21-09-12-16-31
0000000046143.85,46143.85,46143.85,21-09-12-16-32
0000000046158.02,46158.02,46158.02,21-09-12-16-33
0000000046162.23,46162.23,46162.23,21-09-12-16-34
0000000046186.31,46186.31,46186.31,21-09-12-16-36
0000000046186.31,46186.31,46186.31,21-09-12-16-37
0000000046119.6,46119.6,46119.6,21-09-12-16-38
0000000046054.56,46054.56,46054.56,21-09-12-16-39
0000000045956.28,45956.28,45956.28,21-09-12-16-40
0000000045857.88,45857.88,45857.88,21-09-12-16-41
0000000045857.88,45857.88,45857.88,21-09-12-16-42
0000000045870.51,45870.51,45870.51,21-09-12-16-43
0000000045870.51,45870.51,45870.51,21-09-12-16-44
0000000045865.76,45865.76,45865.76,21-09-12-16-45
0000000045850.72,45850.72,45850.72,21-09-12-16-46
0000000045903.82,45903.82,45903.82,21-09-12-16-47
0000000045892.7,45892.7,45892.7,21-09-12-16-48
0000000045900.75,45900.75,45900.75,21-09-12-16-49
0000000045900.75,45900.75,45900.75,21-09-12-16-50
0000000045878.61,45878.61,45878.61,21-09-12-16-51
0000000045874.58,45874.58,45874.58,21-09-12-16-52
0000000045874.58,45874.58,45874.58,21-09-12-16-53
0000000045838.36,45838.36,45838.36,21-09-12-16-54
0000000045884.93,45884.93,45884.93,21-09-12-16-55
0000000045884.93,45884.93,45884.93,21-09-12-16-56
0000000045899.98,45899.98,45899.98,21-09-12-16-57
0000000045898.07,45898.07,45898.07,21-09-12-16-58
0000000045920.07,45920.07,45920.07,21-09-12-16-59
0000000045934.23,45934.23,45934.23,21-09-12-17-00
0000000045934.23,45934.23,45934.23,21-09-12-17-01
0000000045974.68,45974.68,45974.68,21-09-12-17-02
0000000045987.69,45987.69,45987.69,21-09-12-17-03
0000000045989.82,45989.82,45989.82,21-09-12-17-04
0000000046004.35,46004.35,46004.35,21-09-12-17-05
0000000046008.91,46008.91,46008.91,21-09-12-17-06
0000000045998.75,45998.75,45998.75,21-09-12-17-07
0000000045986.25,45986.25,45986.25,21-09-12-17-08
0000000045984.75,45984.75,45984.75,21-09-12-17-09
0000000045969.0,45969.0,45969.0,21-09-12-17-10
0000000045969.89,45969.89,45969.89,21-09-12-17-11
0000000045972.66,45972.66,45972.66,21-09-12-17-12
0000000045972.01,45972.01,45972.01,21-09-12-17-13
0000000045967.81,45967.81,45967.81,21-09-12-17-14
0000000045913.29,45913.29,45913.29,21-09-12-17-15
0000000045921.53,45921.53,45921.53,21-09-12-17-16
0000000045912.28,45912.28,45912.28,21-09-12-17-17
0000000045904.77,45904.77,45904.77,21-09-12-17-18
0000000045880.81,45880.81,45880.81,21-09-12-17-19
0000000045870.32,45870.32,45870.32,21-09-12-17-20
0000000045885.4,45885.4,45885.4,21-09-12-17-21
0000000045920.8,45920.8,45920.8,21-09-12-17-22
0000000045911.92,45911.92,45911.92,21-09-12-17-23
0000000045901.18,45901.18,45901.18,21-09-12-17-24
0000000045903.93,45903.93,45903.93,21-09-12-17-25
0000000045921.08,45921.08,45921.08,21-09-12-17-26
0000000045918.7,45918.7,45918.7,21-09-12-17-27
0000000045919.69,45919.69,45919.69,21-09-12-17-28
0000000045918.42,45918.42,45918.42,21-09-12-17-29
0000000045925.12,45925.12,45925.12,21-09-12-17-30
0000000045938.47,45938.47,45938.47,21-09-12-17-31
0000000045939.57,45939.57,45939.57,21-09-12-17-32
0000000045966.39,45966.39,45966.39,21-09-12-17-33
0000000045932.15,45932.15,45932.15,21-09-12-17-34
0000000045904.68,45904.68,45904.68,21-09-12-17-35
0000000045936.84,45936.84,45936.84,21-09-12-17-36
0000000045938.79,45938.79,45938.79,21-09-12-17-37
0000000045952.53,45952.53,45952.53,21-09-12-17-38
0000000045952.53,45952.53,45952.53,21-09-12-17-39
0000000045968.14,45968.14,45968.14,21-09-12-17-40
0000000045971.13,45971.13,45971.13,21-09-12-17-41
0000000045998.89,45998.89,45998.89,21-09-12-17-42
0000000045998.89,45998.89,45998.89,21-09-12-17-43
0000000046002.12,46002.12,46002.12,21-09-12-17-44
0000000046004.9,46004.9,46004.9,21-09-12-17-45
0000000045972.02,45972.02,45972.02,21-09-12-17-46
0000000045973.35,45973.35,45973.35,21-09-12-17-47
0000000045954.74,45954.74,45954.74,21-09-12-17-48
0000000045959.38,45959.38,45959.38,21-09-12-17-49
0000000045942.11,45942.11,45942.11,21-09-12-17-50
0000000045943.6,45943.6,45943.6,21-09-12-17-51
0000000045946.29,45946.29,45946.29,21-09-12-17-52
0000000045944.13,45944.13,45944.13,21-09-12-17-53
0000000045948.15,45948.15,45948.15,21-09-12-17-54
0000000045943.38,45943.38,45943.38,21-09-12-17-55
0000000045949.5,45949.5,45949.5,21-09-12-17-56
0000000045942.82,45942.82,45942.82,21-09-12-17-57
0000000045911.08,45911.08,45911.08,21-09-12-17-58
0000000045891.07,45891.07,45891.07,21-09-12-18-00
0000000045887.5,45887.5,45887.5,21-09-12-18-01
0000000045900.87,45900.87,45900.87,21-09-12-18-02
0000000045905.0,45905.0,45905.0,21-09-12-18-03
0000000045896.09,45896.09,45896.09,21-09-12-18-04
0000000045896.09,45896.09,45896.09,21-09-12-18-05
0000000045889.22,45889.22,45889.22,21-09-12-18-06
0000000045916.9,45916.9,45916.9,21-09-12-18-07
0000000045900.87,45900.87,45900.87,21-09-12-18-08
0000000045900.87,45900.87,45900.87,21-09-12-18-09
0000000045888.02,45888.02,45888.02,21-09-12-18-10
0000000045878.76,45878.76,45878.76,21-09-12-18-11
0000000045897.62,45897.62,45897.62,21-09-12-18-12
0000000045897.62,45897.62,45897.62,21-09-12-18-13
0000000045881.57,45881.57,45881.57,21-09-12-18-14
0000000045877.03,45877.03,45877.03,21-09-12-18-15
0000000045870.77,45870.77,45870.77,21-09-12-18-16
0000000045897.05,45897.05,45897.05,21-09-12-18-17
0000000045905.78,45905.78,45905.78,21-09-12-18-18
0000000045906.24,45906.24,45906.24,21-09-12-18-19
0000000045906.92,45906.92,45906.92,21-09-12-18-20
0000000045922.49,45922.49,45922.49,21-09-12-18-21
0000000045927.35,45927.35,45927.35,21-09-12-18-22
0000000045928.95,45928.95,45928.95,21-09-12-18-23
0000000045934.16,45934.16,45934.16,21-09-12-18-24
0000000045937.45,45937.45,45937.45,21-09-12-18-25
0000000045957.92,45957.92,45957.92,21-09-12-18-26
0000000045960.53,45960.53,45960.53,21-09-12-18-27
0000000045948.68,45948.68,45948.68,21-09-12-18-28
0000000045948.03,45948.03,45948.03,21-09-12-18-29
0000000045936.54,45936.54,45936.54,21-09-12-18-30
0000000045946.55,45946.55,45946.55,21-09-12-18-31
0000000045942.76,45942.76,45942.76,21-09-12-18-32
0000000045944.45,45944.45,45944.45,21-09-12-18-33
0000000045933.7,45933.7,45933.7,21-09-12-18-34
0000000045919.66,45919.66,45919.66,21-09-12-18-35
0000000045879.82,45879.82,45879.82,21-09-12-18-36
0000000045870.74,45870.74,45870.74,21-09-12-18-37
0000000045845.98,45845.98,45845.98,21-09-12-18-38
0000000045851.89,45851.89,45851.89,21-09-12-18-39
0000000045810.52,45810.52,45810.52,21-09-12-18-40
0000000045785.62,45785.62,45785.62,21-09-12-18-41
0000000045840.53,45840.53,45840.53,21-09-12-18-42
0000000045847.11,45847.11,45847.11,21-09-12-18-43
0000000045854.4,45854.4,45854.4,21-09-12-18-44
0000000045870.75,45870.75,45870.75,21-09-12-18-45
0000000045902.71,45902.71,45902.71,21-09-12-18-46
0000000045910.9,45910.9,45910.9,21-09-12-18-47
0000000045898.28,45898.28,45898.28,21-09-12-18-48
0000000045881.8,45881.8,45881.8,21-09-12-18-49
0000000045844.42,45844.42,45844.42,21-09-12-18-50
0000000045862.3,45862.3,45862.3,21-09-12-18-51
0000000045854.34,45854.34,45854.34,21-09-12-18-52
0000000045864.74,45864.74,45864.74,21-09-12-18-53
0000000045894.89,45894.89,45894.89,21-09-12-18-54
0000000045887.92,45887.92,45887.92,21-09-12-18-55
0000000045905.93,45905.93,45905.93,21-09-12-18-56
0000000045927.78,45927.78,45927.78,21-09-12-18-57
0000000045932.38,45932.38,45932.38,21-09-12-18-58
0000000045922.86,45922.86,45922.86,21-09-12-18-59
0000000045910.36,45910.36,45910.36,21-09-12-19-00
0000000045907.98,45907.98,45907.98,21-09-12-19-01
0000000045906.23,45906.23,45906.23,21-09-12-19-02
0000000045941.92,45941.92,45941.92,21-09-12-19-03
0000000045941.92,45941.92,45941.92,21-09-12-19-04
0000000045956.34,45956.34,45956.34,21-09-12-19-05
0000000045973.55,45973.55,45973.55,21-09-12-19-06
0000000045943.05,45943.05,45943.05,21-09-12-19-07
0000000045910.89,45910.89,45910.89,21-09-12-19-08
0000000045910.89,45910.89,45910.89,21-09-12-19-09
0000000045896.68,45896.68,45896.68,21-09-12-19-10
0000000045896.68,45896.68,45896.68,21-09-12-19-11
0000000045897.99,45897.99,45897.99,21-09-12-19-12
0000000045885.97,45885.97,45885.97,21-09-12-19-13
0000000045880.78,45880.78,45880.78,21-09-12-19-14
0000000045888.86,45888.86,45888.86,21-09-12-19-15
0000000045889.34,45889.34,45889.34,21-09-12-19-16
0000000045892.45,45892.45,45892.45,21-09-12-19-17
0000000045961.68,45961.68,45961.68,21-09-12-19-18
0000000045961.68,45961.68,45961.68,21-09-12-19-19
0000000045987.0,45987.0,45987.0,21-09-12-19-20
0000000045964.86,45964.86,45964.86,21-09-12-19-21
0000000045971.05,45971.05,45971.05,21-09-12-19-22
0000000045960.26,45960.26,45960.26,21-09-12-19-23
0000000045948.23,45948.23,45948.23,21-09-12-19-24
0000000046029.85,46029.85,46029.85,21-09-12-19-26
0000000046011.66,46011.66,46011.66,21-09-12-19-27
0000000046004.4,46004.4,46004.4,21-09-12-19-28
0000000046004.4,46004.4,46004.4,21-09-12-19-29
0000000046033.21,46033.21,46033.21,21-09-12-19-30
0000000046083.98,46083.98,46083.98,21-09-12-19-31
0000000046083.98,46083.98,46083.98,21-09-12-19-32
0000000046089.52,46089.52,46089.52,21-09-12-19-33
0000000046088.87,46088.87,46088.87,21-09-12-19-34
0000000046060.93,46060.93,46060.93,21-09-12-19-35
0000000046050.35,46050.35,46050.35,21-09-12-19-36
0000000046048.18,46048.18,46048.18,21-09-12-19-37
0000000046047.36,46047.36,46047.36,21-09-12-19-38
0000000046053.79,46053.79,46053.79,21-09-12-19-39
0000000046053.79,46053.79,46053.79,21-09-12-19-40
0000000046069.75,46069.75,46069.75,21-09-12-19-41
0000000046054.8,46054.8,46054.8,21-09-12-19-42
0000000046042.24,46042.24,46042.24,21-09-12-19-43
0000000046022.97,46022.97,46022.97,21-09-12-19-44
0000000046008.03,46008.03,46008.03,21-09-12-19-45
0000000046008.03,46008.03,46008.03,21-09-12-19-46
0000000046009.65,46009.65,46009.65,21-09-12-19-47
0000000046009.65,46009.65,46009.65,21-09-12-19-48
0000000045932.36,45932.36,45932.36,21-09-12-19-49
0000000045906.46,45906.46,45906.46,21-09-12-19-50
0000000045899.62,45899.62,45899.62,21-09-12-19-51
0000000045886.41,45886.41,45886.41,21-09-12-19-52
0000000045885.84,45885.84,45885.84,21-09-12-19-53
0000000045871.65,45871.65,45871.65,21-09-12-19-54
0000000045867.33,45867.33,45867.33,21-09-12-19-55
0000000045873.3,45873.3,45873.3,21-09-12-19-56
0000000045875.69,45875.69,45875.69,21-09-12-19-57
0000000045862.4,45862.4,45862.4,21-09-12-19-58
0000000045872.62,45872.62,45872.62,21-09-12-19-59
0000000045876.95,45876.95,45876.95,21-09-12-20-00
0000000045895.58,45895.58,45895.58,21-09-12-20-01
0000000045886.2,45886.2,45886.2,21-09-12-20-02
0000000045873.09,45873.09,45873.09,21-09-12-20-03
0000000045881.09,45881.09,45881.09,21-09-12-20-04
0000000045863.36,45863.36,45863.36,21-09-12-20-05
0000000045878.84,45878.84,45878.84,21-09-12-20-06
0000000045876.3,45876.3,45876.3,21-09-12-20-07
0000000045873.34,45873.34,45873.34,21-09-12-20-08
0000000045883.36,45883.36,45883.36,21-09-12-20-09
0000000045886.44,45886.44,45886.44,21-09-12-20-10
0000000045892.14,45892.14,45892.14,21-09-12-20-11
0000000045896.07,45896.07,45896.07,21-09-12-20-12
0000000045897.43,45897.43,45897.43,21-09-12-20-13
0000000045897.45,45897.45,45897.45,21-09-12-20-14
0000000045897.8,45897.8,45897.8,21-09-12-20-15
0000000045902.99,45902.99,45902.99,21-09-12-20-16
0000000045896.22,45896.22,45896.22,21-09-12-20-17
0000000045907.23,45907.23,45907.23,21-09-12-20-18
0000000045922.38,45922.38,45922.38,21-09-12-20-19
0000000045930.52,45930.52,45930.52,21-09-12-20-20
0000000045936.53,45936.53,45936.53,21-09-12-20-21
0000000045952.52,45952.52,45952.52,21-09-12-20-22
0000000045963.04,45963.04,45963.04,21-09-12-20-23
0000000045956.96,45956.96,45956.96,21-09-12-20-24
0000000045970.48,45970.48,45970.48,21-09-12-20-25
0000000045954.11,45954.11,45954.11,21-09-12-20-26
0000000045932.28,45932.28,45932.28,21-09-12-20-27
0000000045932.28,45932.28,45932.28,21-09-12-20-28
0000000045936.1,45936.1,45936.1,21-09-12-20-29
0000000045925.05,45925.05,45925.05,21-09-12-20-30
0000000045934.88,45934.88,45934.88,21-09-12-20-31
0000000045941.46,45941.46,45941.46,21-09-12-20-32
0000000045919.51,45919.51,45919.51,21-09-12-20-33
0000000045927.2,45927.2,45927.2,21-09-12-20-34
0000000045930.06,45930.06,45930.06,21-09-12-20-35
0000000045931.07,45931.07,45931.07,21-09-12-20-36
0000000045931.07,45931.07,45931.07,21-09-12-20-37
0000000045924.77,45924.77,45924.77,21-09-12-20-38
0000000045897.72,45897.72,45897.72,21-09-12-20-39
0000000045875.3,45875.3,45875.3,21-09-12-20-40
0000000045877.37,45877.37,45877.37,21-09-12-20-41
0000000045903.57,45903.57,45903.57,21-09-12-20-42
0000000045903.57,45903.57,45903.57,21-09-12-20-44
0000000045919.95,45919.95,45919.95,21-09-12-20-45
0000000045918.27,45918.27,45918.27,21-09-12-20-46
0000000045931.74,45931.74,45931.74,21-09-12-20-47
0000000045931.74,45931.74,45931.74,21-09-12-20-48
0000000045920.77,45920.77,45920.77,21-09-12-20-49
0000000045912.14,45912.14,45912.14,21-09-12-20-50
0000000045901.56,45901.56,45901.56,21-09-12-20-51
0000000045913.36,45913.36,45913.36,21-09-12-20-52
0000000045877.61,45877.61,45877.61,21-09-12-20-53
0000000045884.39,45884.39,45884.39,21-09-12-20-54
0000000045884.39,45884.39,45884.39,21-09-12-20-55
0000000045911.85,45911.85,45911.85,21-09-12-20-56
0000000045913.86,45913.86,45913.86,21-09-12-20-57
0000000045916.55,45916.55,45916.55,21-09-12-20-58
0000000045920.05,45920.05,45920.05,21-09-12-20-59
0000000045916.32,45916.32,45916.32,21-09-12-21-00
0000000045924.72,45924.72,45924.72,21-09-12-21-01
0000000045951.09,45951.09,45951.09,21-09-12-21-02
0000000045964.64,45964.64,45964.64,21-09-12-21-03
0000000045962.63,45962.63,45962.63,21-09-12-21-04
0000000045981.88,45981.88,45981.88,21-09-12-21-05
0000000045961.35,45961.35,45961.35,21-09-12-21-06
0000000045961.35,45961.35,45961.35,21-09-12-21-07
0000000045925.99,45925.99,45925.99,21-09-12-21-08
0000000045912.63,45912.63,45912.63,21-09-12-21-09
0000000045910.06,45910.06,45910.06,21-09-12-21-10
0000000045877.7,45877.7,45877.7,21-09-12-21-11
0000000045873.59,45873.59,45873.59,21-09-12-21-12
0000000045874.91,45874.91,45874.91,21-09-12-21-13
0000000045863.42,45863.42,45863.42,21-09-12-21-14
0000000045865.96,45865.96,45865.96,21-09-12-21-15
0000000045865.96,45865.96,45865.96,21-09-12-21-16
0000000045860.57,45860.57,45860.57,21-09-12-21-17
0000000045846.71,45846.71,45846.71,21-09-12-21-18
0000000045848.85,45848.85,45848.85,21-09-12-21-19
0000000045839.64,45839.64,45839.64,21-09-12-21-20
0000000045847.16,45847.16,45847.16,21-09-12-21-21
0000000045846.7,45846.7,45846.7,21-09-12-21-22
0000000045839.98,45839.98,45839.98,21-09-12-21-23
0000000045845.75,45845.75,45845.75,21-09-12-21-24
0000000045851.86,45851.86,45851.86,21-09-12-21-25
0000000045856.05,45856.05,45856.05,21-09-12-21-26
0000000045854.2,45854.2,45854.2,21-09-12-21-27
0000000045868.94,45868.94,45868.94,21-09-12-21-28
0000000045861.03,45861.03,45861.03,21-09-12-21-29
0000000045866.52,45866.52,45866.52,21-09-12-21-30
0000000045868.19,45868.19,45868.19,21-09-12-21-31
0000000045875.8,45875.8,45875.8,21-09-12-21-32
0000000045843.5,45843.5,45843.5,21-09-12-21-33
0000000045842.71,45842.71,45842.71,21-09-12-21-34
0000000045811.62,45811.62,45811.62,21-09-12-21-35
0000000045822.38,45822.38,45822.38,21-09-12-21-36
0000000045834.05,45834.05,45834.05,21-09-12-21-37
0000000045836.72,45836.72,45836.72,21-09-12-21-38
0000000045838.81,45838.81,45838.81,21-09-12-21-39
0000000045836.23,45836.23,45836.23,21-09-12-21-40
0000000045835.9,45835.9,45835.9,21-09-12-21-41
0000000045842.66,45842.66,45842.66,21-09-12-21-42
0000000045842.66,45842.66,45842.66,21-09-12-21-43
0000000045846.61,45846.61,45846.61,21-09-12-21-44
0000000045847.59,45847.59,45847.59,21-09-12-21-45
0000000045846.97,45846.97,45846.97,21-09-12-21-46
0000000045887.04,45887.04,45887.04,21-09-12-21-47
0000000045882.28,45882.28,45882.28,21-09-12-21-48
0000000045882.28,45882.28,45882.28,21-09-12-21-49
0000000045873.92,45873.92,45873.92,21-09-12-21-50
0000000045856.91,45856.91,45856.91,21-09-12-21-51
0000000045852.33,45852.33,45852.33,21-09-12-21-52
0000000045864.64,45864.64,45864.64,21-09-12-21-53
0000000045860.31,45860.31,45860.31,21-09-12-21-54
0000000045889.63,45889.63,45889.63,21-09-12-21-55
0000000045889.63,45889.63,45889.63,21-09-12-21-56
0000000045900.65,45900.65,45900.65,21-09-12-21-57
0000000045902.73,45902.73,45902.73,21-09-12-21-58
0000000045902.73,45902.73,45902.73,21-09-12-21-59
0000000045909.3,45909.3,45909.3,21-09-12-22-00
0000000045929.25,45929.25,45929.25,21-09-12-22-01
0000000045923.55,45923.55,45923.55,21-09-12-22-03
0000000045907.69,45907.69,45907.69,21-09-12-22-04
0000000045908.35,45908.35,45908.35,21-09-12-22-05
0000000045909.59,45909.59,45909.59,21-09-12-22-06
0000000045898.81,45898.81,45898.81,21-09-12-22-07
0000000045891.57,45891.57,45891.57,21-09-12-22-08
0000000045890.66,45890.66,45890.66,21-09-12-22-09
0000000045890.66,45890.66,45890.66,21-09-12-22-10
0000000045889.15,45889.15,45889.15,21-09-12-22-11
0000000045881.18,45881.18,45881.18,21-09-12-22-12
0000000045860.33,45860.33,45860.33,21-09-12-22-13
0000000045858.68,45858.68,45858.68,21-09-12-22-14
0000000045852.3,45852.3,45852.3,21-09-12-22-15
0000000045846.8,45846.8,45846.8,21-09-12-22-16
0000000045862.58,45862.58,45862.58,21-09-12-22-17
0000000045869.22,45869.22,45869.22,21-09-12-22-18
0000000045842.62,45842.62,45842.62,21-09-12-22-19
0000000045816.8,45816.8,45816.8,21-09-12-22-20
0000000045816.8,45816.8,45816.8,21-09-12-22-21
0000000045808.35,45808.35,45808.35,21-09-12-22-22
0000000045819.99,45819.99,45819.99,21-09-12-22-23
0000000045836.64,45836.64,45836.64,21-09-12-22-24
0000000045857.76,45857.76,45857.76,21-09-12-22-25
0000000045857.76,45857.76,45857.76,21-09-12-22-26
0000000045878.35,45878.35,45878.35,21-09-12-22-27
0000000045879.13,45879.13,45879.13,21-09-12-22-28
0000000045878.93,45878.93,45878.93,21-09-12-22-29
0000000045908.68,45908.68,45908.68,21-09-12-22-30
0000000045928.41,45928.41,45928.41,21-09-12-22-31
0000000045930.51,45930.51,45930.51,21-09-12-22-32
0000000045927.16,45927.16,45927.16,21-09-12-22-33
0000000045928.83,45928.83,45928.83,21-09-12-22-34
0000000045934.88,45934.88,45934.88,21-09-12-22-35
0000000045936.27,45936.27,45936.27,21-09-12-22-36
0000000045934.39,45934.39,45934.39,21-09-12-22-37
0000000045924.81,45924.81,45924.81,21-09-12-22-38
0000000045931.31,45931.31,45931.31,21-09-12-22-39
0000000045925.56,45925.56,45925.56,21-09-12-22-40
0000000045929.17,45929.17,45929.17,21-09-12-22-41
0000000045927.27,45927.27,45927.27,21-09-12-22-42
0000000045928.41,45928.41,45928.41,21-09-12-22-43
0000000045925.41,45925.41,45925.41,21-09-12-22-44
0000000045919.88,45919.88,45919.88,21-09-12-22-45
0000000045922.1,45922.1,45922.1,21-09-12-22-46
0000000045914.0,45914.0,45914.0,21-09-12-22-47
0000000045921.39,45921.39,45921.39,21-09-12-22-48
0000000045913.76,45913.76,45913.76,21-09-12-22-49
0000000045911.76,45911.76,45911.76,21-09-12-22-50
0000000045917.57,45917.57,45917.57,21-09-12-22-51
0000000045904.02,45904.02,45904.02,21-09-12-22-52
0000000045903.06,45903.06,45903.06,21-09-12-22-53
0000000045891.4,45891.4,45891.4,21-09-12-22-54
0000000045875.76,45875.76,45875.76,21-09-12-22-55
0000000045889.25,45889.25,45889.25,21-09-12-22-56
0000000045893.28,45893.28,45893.28,21-09-12-22-57
0000000045897.06,45897.06,45897.06,21-09-12-22-58
0000000045893.96,45893.96,45893.96,21-09-12-22-59
0000000045902.16,45902.16,45902.16,21-09-12-23-00
0000000045889.89,45889.89,45889.89,21-09-12-23-01
0000000045885.04,45885.04,45885.04,21-09-12-23-02
0000000045876.37,45876.37,45876.37,21-09-12-23-03
0000000045876.37,45876.37,45876.37,21-09-12-23-04
0000000045951.95,45951.95,45951.95,21-09-12-23-05
0000000045972.22,45972.22,45972.22,21-09-12-23-06
0000000045972.22,45972.22,45972.22,21-09-12-23-07
0000000046044.05,46044.05,46044.05,21-09-12-23-08
0000000046044.05,46044.05,46044.05,21-09-12-23-09
0000000046058.58,46058.58,46058.58,21-09-12-23-10
0000000046150.51,46150.51,46150.51,21-09-12-23-11
0000000046147.84,46147.84,46147.84,21-09-12-23-12
0000000046149.23,46149.23,46149.23,21-09-12-23-13
0000000046143.44,46143.44,46143.44,21-09-12-23-14
0000000046143.63,46143.63,46143.63,21-09-12-23-15
0000000046123.07,46123.07,46123.07,21-09-12-23-16
0000000046123.26,46123.26,46123.26,21-09-12-23-17
0000000046136.73,46136.73,46136.73,21-09-12-23-18
0000000046133.4,46133.4,46133.4,21-09-12-23-20
0000000046123.81,46123.81,46123.81,21-09-12-23-21
0000000046104.15,46104.15,46104.15,21-09-12-23-22
0000000046104.54,46104.54,46104.54,21-09-12-23-23
0000000046099.65,46099.65,46099.65,21-09-12-23-24
0000000046094.01,46094.01,46094.01,21-09-12-23-25
0000000046095.89,46095.89,46095.89,21-09-12-23-26
0000000046078.72,46078.72,46078.72,21-09-12-23-27
0000000046062.19,46062.19,46062.19,21-09-12-23-28
0000000046058.08,46058.08,46058.08,21-09-12-23-29
0000000046008.69,46008.69,46008.69,21-09-12-23-30
0000000046008.69,46008.69,46008.69,21-09-12-23-31
0000000045952.08,45952.08,45952.08,21-09-12-23-32
0000000045803.3,45803.3,45803.3,21-09-12-23-33
0000000045632.15,45632.15,45632.15,21-09-12-23-34
0000000045515.19,45515.19,45515.19,21-09-12-23-35
0000000045515.19,45515.19,45515.19,21-09-12-23-36
0000000045449.91,45449.91,45449.91,21-09-12-23-37
0000000045372.94,45372.94,45372.94,21-09-12-23-38
0000000045358.32,45358.32,45358.32,21-09-12-23-39
0000000045289.9,45289.9,45289.9,21-09-12-23-40
0000000045262.54,45262.54,45262.54,21-09-12-23-41
0000000045312.16,45312.16,45312.16,21-09-12-23-42
0000000045281.07,45281.07,45281.07,21-09-12-23-43
0000000045226.69,45226.69,45226.69,21-09-12-23-44
0000000045287.4,45287.4,45287.4,21-09-12-23-45
0000000045269.66,45269.66,45269.66,21-09-12-23-46
0000000045336.21,45336.21,45336.21,21-09-12-23-47
0000000045345.16,45345.16,45345.16,21-09-12-23-48
0000000045383.76,45383.76,45383.76,21-09-12-23-49
0000000045355.05,45355.05,45355.05,21-09-12-23-50
0000000045387.85,45387.85,45387.85,21-09-12-23-51
0000000045269.96,45269.96,45269.96,21-09-12-23-52
0000000045245.72,45245.72,45245.72,21-09-12-23-53
0000000045163.3,45163.3,45163.3,21-09-12-23-54
0000000045233.31,45233.31,45233.31,21-09-12-23-55
0000000045142.59,45142.59,45142.59,21-09-12-23-56
0000000045112.56,45112.56,45112.56,21-09-12-23-57
0000000045097.47,45097.47,45097.47,21-09-12-23-58
0000000045081.01,45081.01,45081.01,21-09-12-23-59
0000000045078.59,45078.59,45078.59,21-09-13-00-00
0000000044966.17,44966.17,44966.17,21-09-13-00-01
0000000045022.54,45022.54,45022.54,21-09-13-00-02
0000000045094.9,45094.9,45094.9,21-09-13-00-03
0000000045120.11,45120.11,45120.11,21-09-13-00-04
0000000045039.24,45039.24,45039.24,21-09-13-00-05
0000000045047.81,45047.81,45047.81,21-09-13-00-06
0000000045033.38,45033.38,45033.38,21-09-13-00-07
0000000045029.66,45029.66,45029.66,21-09-13-00-08
0000000045017.97,45017.97,45017.97,21-09-13-00-09
0000000045063.97,45063.97,45063.97,21-09-13-00-10
0000000045039.73,45039.73,45039.73,21-09-13-00-11
0000000045066.09,45066.09,45066.09,21-09-13-00-12
0000000045098.98,45098.98,45098.98,21-09-13-00-13
0000000045081.05,45081.05,45081.05,21-09-13-00-14
0000000045087.73,45087.73,45087.73,21-09-13-00-15
0000000045069.87,45069.87,45069.87,21-09-13-00-16
0000000045079.63,45079.63,45079.63,21-09-13-00-17
0000000045056.32,45056.32,45056.32,21-09-13-00-18
0000000045056.32,45056.32,45056.32,21-09-13-00-19
0000000045036.1,45036.1,45036.1,21-09-13-00-20
0000000045053.12,45053.12,45053.12,21-09-13-00-21
0000000045040.47,45040.47,45040.47,21-09-13-00-22
0000000045030.23,45030.23,45030.23,21-09-13-00-23
0000000045004.58,45004.58,45004.58,21-09-13-00-24
0000000045004.58,45004.58,45004.58,21-09-13-00-25
0000000044943.52,44943.52,44943.52,21-09-13-00-26
0000000044975.68,44975.68,44975.68,21-09-13-00-27
0000000044983.34,44983.34,44983.34,21-09-13-00-28
0000000044980.44,44980.44,44980.44,21-09-13-00-29
0000000045020.26,45020.26,45020.26,21-09-13-00-31
0000000045002.67,45002.67,45002.67,21-09-13-00-32
0000000045003.15,45003.15,45003.15,21-09-13-00-33
0000000045089.36,45089.36,45089.36,21-09-13-00-34
0000000045089.36,45089.36,45089.36,21-09-13-00-35
0000000045147.14,45147.14,45147.14,21-09-13-00-36
0000000045125.86,45125.86,45125.86,21-09-13-00-37
0000000045104.73,45104.73,45104.73,21-09-13-00-38
0000000045104.68,45104.68,45104.68,21-09-13-00-39
0000000045107.59,45107.59,45107.59,21-09-13-00-40
0000000045093.53,45093.53,45093.53,21-09-13-00-41
0000000045090.89,45090.89,45090.89,21-09-13-00-42
0000000045093.31,45093.31,45093.31,21-09-13-00-43
0000000045091.97,45091.97,45091.97,21-09-13-00-44
0000000045086.65,45086.65,45086.65,21-09-13-00-45
0000000045092.54,45092.54,45092.54,21-09-13-00-46
0000000045127.73,45127.73,45127.73,21-09-13-00-47
0000000045134.73,45134.73,45134.73,21-09-13-00-48
0000000045166.03,45166.03,45166.03,21-09-13-00-49
0000000045187.88,45187.88,45187.88,21-09-13-00-50
0000000045225.8,45225.8,45225.8,21-09-13-00-51
0000000045207.7,45207.7,45207.7,21-09-13-00-52
0000000045211.05,45211.05,45211.05,21-09-13-00-53
0000000045231.63,45231.63,45231.63,21-09-13-00-54
0000000045275.95,45275.95,45275.95,21-09-13-00-55
0000000045241.57,45241.57,45241.57,21-09-13-00-56
0000000045256.79,45256.79,45256.79,21-09-13-00-57
0000000045287.94,45287.94,45287.94,21-09-13-00-58
0000000045283.6,45283.6,45283.6,21-09-13-00-59
0000000045290.11,45290.11,45290.11,21-09-13-01-00
0000000045305.41,45305.41,45305.41,21-09-13-01-01
0000000045308.37,45308.37,45308.37,21-09-13-01-02
0000000045316.78,45316.78,45316.78,21-09-13-01-03
0000000045330.08,45330.08,45330.08,21-09-13-01-04
0000000045363.29,45363.29,45363.29,21-09-13-01-05
0000000045394.13,45394.13,45394.13,21-09-13-01-06
0000000045404.69,45404.69,45404.69,21-09-13-01-07
0000000045422.87,45422.87,45422.87,21-09-13-01-08
0000000045430.58,45430.58,45430.58,21-09-13-01-09
0000000045398.0,45398.0,45398.0,21-09-13-01-10
0000000045370.47,45370.47,45370.47,21-09-13-01-11
0000000045362.4,45362.4,45362.4,21-09-13-01-12
0000000045372.5,45372.5,45372.5,21-09-13-01-13
0000000045405.69,45405.69,45405.69,21-09-13-01-14
0000000045391.24,45391.24,45391.24,21-09-13-01-15
0000000045383.27,45383.27,45383.27,21-09-13-01-16
0000000045359.56,45359.56,45359.56,21-09-13-01-17
0000000045344.16,45344.16,45344.16,21-09-13-01-18
0000000045324.17,45324.17,45324.17,21-09-13-01-19
0000000045320.39,45320.39,45320.39,21-09-13-01-20
0000000045359.56,45359.56,45359.56,21-09-13-01-21
0000000045316.34,45316.34,45316.34,21-09-13-01-22
0000000045332.78,45332.78,45332.78,21-09-13-01-23
0000000045328.06,45328.06,45328.06,21-09-13-01-24
0000000045359.11,45359.11,45359.11,21-09-13-01-25
0000000045347.61,45347.61,45347.61,21-09-13-01-26
0000000045338.19,45338.19,45338.19,21-09-13-01-27
0000000045332.23,45332.23,45332.23,21-09-13-01-28
0000000045341.28,45341.28,45341.28,21-09-13-01-29
0000000045333.87,45333.87,45333.87,21-09-13-01-30
0000000045339.92,45339.92,45339.92,21-09-13-01-31
0000000045369.89,45369.89,45369.89,21-09-13-01-32
0000000045375.41,45375.41,45375.41,21-09-13-01-33
0000000045388.64,45388.64,45388.64,21-09-13-01-34
0000000045423.11,45423.11,45423.11,21-09-13-01-35
0000000045433.98,45433.98,45433.98,21-09-13-01-36
0000000045410.56,45410.56,45410.56,21-09-13-01-37
0000000045422.13,45422.13,45422.13,21-09-13-01-38
0000000045451.06,45451.06,45451.06,21-09-13-01-39
0000000045426.23,45426.23,45426.23,21-09-13-01-40
0000000045433.17,45433.17,45433.17,21-09-13-01-41
0000000045433.67,45433.67,45433.67,21-09-13-01-42
0000000045438.47,45438.47,45438.47,21-09-13-01-43
0000000045477.94,45477.94,45477.94,21-09-13-01-44
0000000045486.54,45486.54,45486.54,21-09-13-01-45
0000000045461.67,45461.67,45461.67,21-09-13-01-46
0000000045495.85,45495.85,45495.85,21-09-13-01-47
0000000045529.15,45529.15,45529.15,21-09-13-01-48
0000000045529.15,45529.15,45529.15,21-09-13-01-49
0000000045563.63,45563.63,45563.63,21-09-13-01-50
0000000045563.5,45563.5,45563.5,21-09-13-01-51
0000000045563.5,45563.5,45563.5,21-09-13-01-52
0000000045566.39,45566.39,45566.39,21-09-13-01-53
0000000045609.31,45609.31,45609.31,21-09-13-01-54
0000000045609.31,45609.31,45609.31,21-09-13-01-56
0000000045703.6,45703.6,45703.6,21-09-13-01-57
0000000045682.34,45682.34,45682.34,21-09-13-01-58
0000000045690.51,45690.51,45690.51,21-09-13-01-59
0000000045742.21,45742.21,45742.21,21-09-13-02-00
0000000045935.52,45935.52,45935.52,21-09-13-02-01
0000000045988.47,45988.47,45988.47,21-09-13-02-02
0000000045988.47,45988.47,45988.47,21-09-13-02-03
0000000046017.67,46017.67,46017.67,21-09-13-02-04
0000000046014.34,46014.34,46014.34,21-09-13-02-05
0000000046096.47,46096.47,46096.47,21-09-13-02-06
0000000046166.24,46166.24,46166.24,21-09-13-02-07
0000000046234.94,46234.94,46234.94,21-09-13-02-08
0000000046338.57,46338.57,46338.57,21-09-13-02-09
0000000046320.01,46320.01,46320.01,21-09-13-02-10
0000000046320.01,46320.01,46320.01,21-09-13-02-11
0000000046341.06,46341.06,46341.06,21-09-13-02-12
0000000046341.06,46341.06,46341.06,21-09-13-02-13
0000000046341.32,46341.32,46341.32,21-09-13-02-14
0000000046364.76,46364.76,46364.76,21-09-13-02-15
0000000046379.87,46379.87,46379.87,21-09-13-02-16
0000000046292.63,46292.63,46292.63,21-09-13-02-17
0000000046275.07,46275.07,46275.07,21-09-13-02-18
0000000046274.93,46274.93,46274.93,21-09-13-02-19
0000000046253.28,46253.28,46253.28,21-09-13-02-20
0000000046247.57,46247.57,46247.57,21-09-13-02-21
0000000046245.99,46245.99,46245.99,21-09-13-02-22
0000000046235.61,46235.61,46235.61,21-09-13-02-23
0000000046239.37,46239.37,46239.37,21-09-13-02-24
0000000046252.12,46252.12,46252.12,21-09-13-02-25
0000000046262.78,46262.78,46262.78,21-09-13-02-26
0000000046308.06,46308.06,46308.06,21-09-13-02-27
0000000046277.98,46277.98,46277.98,21-09-13-02-28
0000000046270.95,46270.95,46270.95,21-09-13-02-29
0000000046287.01,46287.01,46287.01,21-09-13-02-30
0000000046370.08,46370.08,46370.08,21-09-13-02-31
0000000046273.7,46273.7,46273.7,21-09-13-02-32
0000000046328.99,46328.99,46328.99,21-09-13-02-33
0000000046305.28,46305.28,46305.28,21-09-13-02-34
0000000046299.89,46299.89,46299.89,21-09-13-02-35
0000000046295.76,46295.76,46295.76,21-09-13-02-36
0000000046266.62,46266.62,46266.62,21-09-13-02-37
0000000046267.74,46267.74,46267.74,21-09-13-02-38
0000000046236.52,46236.52,46236.52,21-09-13-02-39
0000000046257.04,46257.04,46257.04,21-09-13-02-40
0000000046257.31,46257.31,46257.31,21-09-13-02-41
0000000046245.35,46245.35,46245.35,21-09-13-02-42
0000000046242.73,46242.73,46242.73,21-09-13-02-43
0000000046233.29,46233.29,46233.29,21-09-13-02-44
0000000046217.99,46217.99,46217.99,21-09-13-02-45
0000000046189.87,46189.87,46189.87,21-09-13-02-46
0000000046170.8,46170.8,46170.8,21-09-13-02-47
0000000046156.38,46156.38,46156.38,21-09-13-02-48
0000000046142.36,46142.36,46142.36,21-09-13-02-49
0000000046137.56,46137.56,46137.56,21-09-13-02-50
0000000046136.03,46136.03,46136.03,21-09-13-02-51
0000000046097.41,46097.41,46097.41,21-09-13-02-52
0000000046079.76,46079.76,46079.76,21-09-13-02-53
0000000046068.27,46068.27,46068.27,21-09-13-02-54
0000000046048.44,46048.44,46048.44,21-09-13-02-55
0000000046049.97,46049.97,46049.97,21-09-13-02-56
0000000046090.62,46090.62,46090.62,21-09-13-02-57
0000000046059.12,46059.12,46059.12,21-09-13-02-58
0000000046059.12,46059.12,46059.12,21-09-13-02-59
0000000046044.74,46044.74,46044.74,21-09-13-03-00
0000000046014.8,46014.8,46014.8,21-09-13-03-01
0000000046014.8,46014.8,46014.8,21-09-13-03-02
0000000046064.75,46064.75,46064.75,21-09-13-03-03
0000000046109.75,46109.75,46109.75,21-09-13-03-04
0000000046166.36,46166.36,46166.36,21-09-13-03-05
0000000046163.96,46163.96,46163.96,21-09-13-03-06
0000000046163.96,46163.96,46163.96,21-09-13-03-07
0000000046169.53,46169.53,46169.53,21-09-13-03-08
0000000046179.39,46179.39,46179.39,21-09-13-03-09
0000000046179.39,46179.39,46179.39,21-09-13-03-10
0000000046181.38,46181.38,46181.38,21-09-13-03-11
0000000046181.38,46181.38,46181.38,21-09-13-03-12
0000000046184.63,46184.63,46184.63,21-09-13-03-13
0000000046184.63,46184.63,46184.63,21-09-13-03-14
0000000046197.51,46197.51,46197.51,21-09-13-03-15
0000000046199.46,46199.46,46199.46,21-09-13-03-16
0000000046246.19,46246.19,46246.19,21-09-13-03-17
0000000046246.19,46246.19,46246.19,21-09-13-03-18
0000000046244.81,46244.81,46244.81,21-09-13-03-20
0000000046240.99,46240.99,46240.99,21-09-13-03-21
0000000046240.99,46240.99,46240.99,21-09-13-03-22
0000000046240.19,46240.19,46240.19,21-09-13-03-23
0000000046215.93,46215.93,46215.93,21-09-13-03-24
0000000046215.93,46215.93,46215.93,21-09-13-03-25
0000000046164.33,46164.33,46164.33,21-09-13-03-26
0000000046164.33,46164.33,46164.33,21-09-13-03-27
0000000046122.35,46122.35,46122.35,21-09-13-03-28
0000000046127.31,46127.31,46127.31,21-09-13-03-29
0000000046113.08,46113.08,46113.08,21-09-13-03-30
0000000046110.68,46110.68,46110.68,21-09-13-03-31
0000000046122.18,46122.18,46122.18,21-09-13-03-32
0000000046122.18,46122.18,46122.18,21-09-13-03-33
0000000046065.86,46065.86,46065.86,21-09-13-03-34
0000000046057.88,46057.88,46057.88,21-09-13-03-35
0000000046066.8,46066.8,46066.8,21-09-13-03-36
0000000046076.09,46076.09,46076.09,21-09-13-03-37
0000000046074.88,46074.88,46074.88,21-09-13-03-38
0000000046073.6,46073.6,46073.6,21-09-13-03-39
0000000046082.5,46082.5,46082.5,21-09-13-03-40
0000000046079.7,46079.7,46079.7,21-09-13-03-41
0000000046058.93,46058.93,46058.93,21-09-13-03-42
0000000045996.32,45996.32,45996.32,21-09-13-03-43
0000000045978.5,45978.5,45978.5,21-09-13-03-44
0000000045961.95,45961.95,45961.95,21-09-13-03-45
0000000045981.88,45981.88,45981.88,21-09-13-03-46
0000000045986.57,45986.57,45986.57,21-09-13-03-47
0000000046031.91,46031.91,46031.91,21-09-13-03-48
0000000046011.31,46011.31,46011.31,21-09-13-03-49
0000000046068.4,46068.4,46068.4,21-09-13-03-50
0000000046123.33,46123.33,46123.33,21-09-13-03-51
0000000046117.4,46117.4,46117.4,21-09-13-03-52
0000000046120.01,46120.01,46120.01,21-09-13-03-53
0000000046103.63,46103.63,46103.63,21-09-13-03-54
0000000046116.95,46116.95,46116.95,21-09-13-03-55
0000000046077.61,46077.61,46077.61,21-09-13-03-56
0000000046037.62,46037.62,46037.62,21-09-13-03-57
0000000046053.66,46053.66,46053.66,21-09-13-03-58
0000000046065.92,46065.92,46065.92,21-09-13-03-59
0000000046055.93,46055.93,46055.93,21-09-13-04-00
0000000046041.01,46041.01,46041.01,21-09-13-04-01
0000000046078.98,46078.98,46078.98,21-09-13-04-02
0000000046078.8,46078.8,46078.8,21-09-13-04-03
0000000046068.62,46068.62,46068.62,21-09-13-04-04
0000000046024.82,46024.82,46024.82,21-09-13-04-05
0000000046005.59,46005.59,46005.59,21-09-13-04-06
0000000045990.08,45990.08,45990.08,21-09-13-04-07
0000000045967.56,45967.56,45967.56,21-09-13-04-08
0000000045930.01,45930.01,45930.01,21-09-13-04-09
0000000045909.03,45909.03,45909.03,21-09-13-04-10
0000000045864.49,45864.49,45864.49,21-09-13-04-11
0000000045857.91,45857.91,45857.91,21-09-13-04-12
0000000045766.13,45766.13,45766.13,21-09-13-04-13
0000000045643.04,45643.04,45643.04,21-09-13-04-14
0000000045493.0,45493.0,45493.0,21-09-13-04-15
0000000045448.2,45448.2,45448.2,21-09-13-04-16
0000000045349.04,45349.04,45349.04,21-09-13-04-17
0000000045315.48,45315.48,45315.48,21-09-13-04-18
0000000045384.14,45384.14,45384.14,21-09-13-04-19
0000000045447.52,45447.52,45447.52,21-09-13-04-20
0000000045424.03,45424.03,45424.03,21-09-13-04-21
0000000045459.59,45459.59,45459.59,21-09-13-04-22
0000000045427.92,45427.92,45427.92,21-09-13-04-23
0000000045395.32,45395.32,45395.32,21-09-13-04-24
0000000045395.32,45395.32,45395.32,21-09-13-04-25
0000000045369.94,45369.94,45369.94,21-09-13-04-26
0000000045389.21,45389.21,45389.21,21-09-13-04-27
0000000045382.06,45382.06,45382.06,21-09-13-04-28
0000000045343.86,45343.86,45343.86,21-09-13-04-29
0000000045388.08,45388.08,45388.08,21-09-13-04-30
0000000045281.54,45281.54,45281.54,21-09-13-04-31
0000000045335.45,45335.45,45335.45,21-09-13-04-32
0000000045335.45,45335.45,45335.45,21-09-13-04-33
0000000045245.74,45245.74,45245.74,21-09-13-04-34
0000000045281.91,45281.91,45281.91,21-09-13-04-35
0000000045236.72,45236.72,45236.72,21-09-13-04-36
0000000045236.72,45236.72,45236.72,21-09-13-04-37
0000000045259.14,45259.14,45259.14,21-09-13-04-38
0000000045234.88,45234.88,45234.88,21-09-13-04-39
0000000045234.88,45234.88,45234.88,21-09-13-04-40
0000000045224.11,45224.11,45224.11,21-09-13-04-42
0000000045183.5,45183.5,45183.5,21-09-13-04-43
0000000045176.24,45176.24,45176.24,21-09-13-04-44
0000000045201.49,45201.49,45201.49,21-09-13-04-45
0000000045201.49,45201.49,45201.49,21-09-13-04-46
0000000045168.34,45168.34,45168.34,21-09-13-04-47
0000000045167.05,45167.05,45167.05,21-09-13-04-48
0000000045183.12,45183.12,45183.12,21-09-13-04-49
0000000045183.12,45183.12,45183.12,21-09-13-04-50
0000000045243.4,45243.4,45243.4,21-09-13-04-51
0000000045230.42,45230.42,45230.42,21-09-13-04-52
0000000045192.93,45192.93,45192.93,21-09-13-04-53
0000000045219.53,45219.53,45219.53,21-09-13-04-54
0000000045169.42,45169.42,45169.42,21-09-13-04-55
0000000045169.42,45169.42,45169.42,21-09-13-04-56
0000000045158.6,45158.6,45158.6,21-09-13-04-57
0000000045176.76,45176.76,45176.76,21-09-13-04-58
0000000045176.91,45176.91,45176.91,21-09-13-04-59
0000000045182.93,45182.93,45182.93,21-09-13-05-00
0000000045112.7,45112.7,45112.7,21-09-13-05-01
0000000045117.54,45117.54,45117.54,21-09-13-05-02
0000000045161.87,45161.87,45161.87,21-09-13-05-03
0000000045198.12,45198.12,45198.12,21-09-13-05-04
0000000045248.56,45248.56,45248.56,21-09-13-05-05
0000000045238.69,45238.69,45238.69,21-09-13-05-06
0000000045218.62,45218.62,45218.62,21-09-13-05-07
0000000045176.63,45176.63,45176.63,21-09-13-05-08
0000000045200.67,45200.67,45200.67,21-09-13-05-09
0000000045204.72,45204.72,45204.72,21-09-13-05-10
0000000045159.6,45159.6,45159.6,21-09-13-05-11
0000000045181.45,45181.45,45181.45,21-09-13-05-12
0000000045199.0,45199.0,45199.0,21-09-13-05-13
0000000045168.21,45168.21,45168.21,21-09-13-05-14
0000000045191.43,45191.43,45191.43,21-09-13-05-15
0000000045187.22,45187.22,45187.22,21-09-13-05-16
0000000045146.63,45146.63,45146.63,21-09-13-05-17
0000000045120.39,45120.39,45120.39,21-09-13-05-18
0000000045110.31,45110.31,45110.31,21-09-13-05-19
0000000045157.87,45157.87,45157.87,21-09-13-05-20
0000000045098.42,45098.42,45098.42,21-09-13-05-21
0000000045059.92,45059.92,45059.92,21-09-13-05-22
0000000045059.92,45059.92,45059.92,21-09-13-05-23
0000000045154.51,45154.51,45154.51,21-09-13-05-24
0000000045154.51,45154.51,45154.51,21-09-13-05-25
0000000045045.97,45045.97,45045.97,21-09-13-05-26
0000000045045.97,45045.97,45045.97,21-09-13-05-27
0000000044997.13,44997.13,44997.13,21-09-13-05-28
0000000044997.13,44997.13,44997.13,21-09-13-05-29
0000000044998.85,44998.85,44998.85,21-09-13-05-30
0000000044929.08,44929.08,44929.08,21-09-13-05-31
0000000044929.08,44929.08,44929.08,21-09-13-05-32
0000000045096.63,45096.63,45096.63,21-09-13-05-33
0000000045096.63,45096.63,45096.63,21-09-13-05-34
0000000045132.07,45132.07,45132.07,21-09-13-05-35
0000000045144.13,45144.13,45144.13,21-09-13-05-36
0000000045144.13,45144.13,45144.13,21-09-13-05-37
0000000045122.34,45122.34,45122.34,21-09-13-05-38
0000000045159.48,45159.48,45159.48,21-09-13-05-39
0000000045159.48,45159.48,45159.48,21-09-13-05-40
0000000045169.31,45169.31,45169.31,21-09-13-05-41
0000000045098.53,45098.53,45098.53,21-09-13-05-42
0000000045114.97,45114.97,45114.97,21-09-13-05-43
0000000045091.97,45091.97,45091.97,21-09-13-05-44
0000000045039.49,45039.49,45039.49,21-09-13-05-45
0000000045039.49,45039.49,45039.49,21-09-13-05-46
0000000045011.71,45011.71,45011.71,21-09-13-05-48
0000000045026.37,45026.37,45026.37,21-09-13-05-49
0000000045070.73,45070.73,45070.73,21-09-13-05-50
0000000045009.4,45009.4,45009.4,21-09-13-05-51
0000000045001.47,45001.47,45001.47,21-09-13-05-52
0000000045023.09,45023.09,45023.09,21-09-13-05-53
0000000044979.66,44979.66,44979.66,21-09-13-05-54
0000000044979.66,44979.66,44979.66,21-09-13-05-55
0000000044942.43,44942.43,44942.43,21-09-13-05-56
0000000044937.87,44937.87,44937.87,21-09-13-05-57
0000000044940.38,44940.38,44940.38,21-09-13-05-58
0000000044915.01,44915.01,44915.01,21-09-13-05-59
0000000044902.14,44902.14,44902.14,21-09-13-06-00
0000000044945.88,44945.88,44945.88,21-09-13-06-01
0000000044874.97,44874.97,44874.97,21-09-13-06-02
0000000044894.46,44894.46,44894.46,21-09-13-06-03
0000000044891.91,44891.91,44891.91,21-09-13-06-04
0000000044891.91,44891.91,44891.91,21-09-13-06-05
0000000044924.08,44924.08,44924.08,21-09-13-06-06
0000000044995.56,44995.56,44995.56,21-09-13-06-07
0000000044995.0,44995.0,44995.0,21-09-13-06-08
0000000045022.19,45022.19,45022.19,21-09-13-06-09
0000000045047.01,45047.01,45047.01,21-09-13-06-10
0000000045043.79,45043.79,45043.79,21-09-13-06-11
0000000044974.85,44974.85,44974.85,21-09-13-06-12
0000000045010.14,45010.14,45010.14,21-09-13-06-13
0000000045004.24,45004.24,45004.24,21-09-13-06-14
0000000045011.78,45011.78,45011.78,21-09-13-06-15
0000000045003.85,45003.85,45003.85,21-09-13-06-16
0000000044977.08,44977.08,44977.08,21-09-13-06-17
0000000044979.19,44979.19,44979.19,21-09-13-06-18
0000000045011.09,45011.09,45011.09,21-09-13-06-19
0000000044989.67,44989.67,44989.67,21-09-13-06-20
0000000044991.14,44991.14,44991.14,21-09-13-06-21
0000000045045.03,45045.03,45045.03,21-09-13-06-22
0000000045063.17,45063.17,45063.17,21-09-13-06-23
0000000045061.45,45061.45,45061.45,21-09-13-06-24
0000000045097.1,45097.1,45097.1,21-09-13-06-25
0000000045105.68,45105.68,45105.68,21-09-13-06-26
0000000045097.35,45097.35,45097.35,21-09-13-06-27
0000000045077.54,45077.54,45077.54,21-09-13-06-28
0000000045080.1,45080.1,45080.1,21-09-13-06-29
0000000045031.45,45031.45,45031.45,21-09-13-06-30
0000000045021.74,45021.74,45021.74,21-09-13-06-31
0000000045007.17,45007.17,45007.17,21-09-13-06-32
0000000044997.82,44997.82,44997.82,21-09-13-06-33
0000000045008.78,45008.78,45008.78,21-09-13-06-34
0000000045041.61,45041.61,45041.61,21-09-13-06-35
0000000044996.17,44996.17,44996.17,21-09-13-06-36
0000000045000.64,45000.64,45000.64,21-09-13-06-37
0000000044999.47,44999.47,44999.47,21-09-13-06-38
0000000044983.37,44983.37,44983.37,21-09-13-06-39
0000000045002.24,45002.24,45002.24,21-09-13-06-40
0000000044970.13,44970.13,44970.13,21-09-13-06-41
0000000044946.53,44946.53,44946.53,21-09-13-06-42
0000000044940.04,44940.04,44940.04,21-09-13-06-43
0000000044931.34,44931.34,44931.34,21-09-13-06-44
0000000044928.77,44928.77,44928.77,21-09-13-06-45
0000000044954.37,44954.37,44954.37,21-09-13-06-46
0000000044952.92,44952.92,44952.92,21-09-13-06-47
0000000044916.03,44916.03,44916.03,21-09-13-06-48
0000000044918.27,44918.27,44918.27,21-09-13-06-49
0000000045035.34,45035.34,45035.34,21-09-13-06-50
0000000045002.03,45002.03,45002.03,21-09-13-06-51
0000000045002.03,45002.03,45002.03,21-09-13-06-52
0000000044983.41,44983.41,44983.41,21-09-13-06-53
0000000044947.18,44947.18,44947.18,21-09-13-06-54
0000000044927.44,44927.44,44927.44,21-09-13-06-55
0000000044896.51,44896.51,44896.51,21-09-13-06-56
0000000044875.78,44875.78,44875.78,21-09-13-06-57
0000000044894.96,44894.96,44894.96,21-09-13-06-58
0000000044880.96,44880.96,44880.96,21-09-13-06-59
0000000044575.52,44575.52,44575.52,21-09-13-07-00
0000000044635.31,44635.31,44635.31,21-09-13-07-01
0000000044594.31,44594.31,44594.31,21-09-13-07-02
0000000044658.59,44658.59,44658.59,21-09-13-07-03
0000000044683.09,44683.09,44683.09,21-09-13-07-04
0000000044721.45,44721.45,44721.45,21-09-13-07-05
0000000044721.45,44721.45,44721.45,21-09-13-07-06
0000000044734.2,44734.2,44734.2,21-09-13-07-07
0000000044745.1,44745.1,44745.1,21-09-13-07-08
0000000044695.46,44695.46,44695.46,21-09-13-07-09
0000000044695.46,44695.46,44695.46,21-09-13-07-10
0000000044641.29,44641.29,44641.29,21-09-13-07-11
0000000044641.29,44641.29,44641.29,21-09-13-07-13
0000000044596.77,44596.77,44596.77,21-09-13-07-14
0000000044567.97,44567.97,44567.97,21-09-13-07-15
0000000044567.97,44567.97,44567.97,21-09-13-07-16
0000000044684.36,44684.36,44684.36,21-09-13-07-17
0000000044684.36,44684.36,44684.36,21-09-13-07-18
0000000044689.98,44689.98,44689.98,21-09-13-07-19
0000000044704.87,44704.87,44704.87,21-09-13-07-20
0000000044704.87,44704.87,44704.87,21-09-13-07-21
0000000044749.63,44749.63,44749.63,21-09-13-07-22
0000000044753.36,44753.36,44753.36,21-09-13-07-23
0000000044764.57,44764.57,44764.57,21-09-13-07-24
0000000044729.99,44729.99,44729.99,21-09-13-07-25
0000000044704.3,44704.3,44704.3,21-09-13-07-26
0000000044669.32,44669.32,44669.32,21-09-13-07-27
0000000044673.44,44673.44,44673.44,21-09-13-07-28
0000000044657.57,44657.57,44657.57,21-09-13-07-29
0000000044656.19,44656.19,44656.19,21-09-13-07-30
0000000044634.23,44634.23,44634.23,21-09-13-07-31
0000000044607.3,44607.3,44607.3,21-09-13-07-32
0000000044645.05,44645.05,44645.05,21-09-13-07-33
0000000044634.26,44634.26,44634.26,21-09-13-07-34
0000000044612.59,44612.59,44612.59,21-09-13-07-35
0000000044612.59,44612.59,44612.59,21-09-13-07-36
0000000044698.36,44698.36,44698.36,21-09-13-07-37
0000000044711.39,44711.39,44711.39,21-09-13-07-38
0000000044720.71,44720.71,44720.71,21-09-13-07-39
0000000044665.76,44665.76,44665.76,21-09-13-07-40
0000000044660.43,44660.43,44660.43,21-09-13-07-41
0000000044650.32,44650.32,44650.32,21-09-13-07-42
0000000044649.52,44649.52,44649.52,21-09-13-07-43
0000000044659.46,44659.46,44659.46,21-09-13-07-44
0000000044655.46,44655.46,44655.46,21-09-13-07-45
0000000044598.12,44598.12,44598.12,21-09-13-07-46
0000000044594.28,44594.28,44594.28,21-09-13-07-47
0000000044597.51,44597.51,44597.51,21-09-13-07-48
0000000044643.42,44643.42,44643.42,21-09-13-07-49
0000000044580.79,44580.79,44580.79,21-09-13-07-50
0000000044572.06,44572.06,44572.06,21-09-13-07-51
0000000044644.93,44644.93,44644.93,21-09-13-07-52
0000000044646.05,44646.05,44646.05,21-09-13-07-53
0000000044612.04,44612.04,44612.04,21-09-13-07-54
0000000044610.3,44610.3,44610.3,21-09-13-07-55
0000000044666.92,44666.92,44666.92,21-09-13-07-56
0000000044655.16,44655.16,44655.16,21-09-13-07-57
0000000044656.69,44656.69,44656.69,21-09-13-07-58
0000000044680.98,44680.98,44680.98,21-09-13-07-59
0000000044721.97,44721.97,44721.97,21-09-13-08-00
0000000044738.62,44738.62,44738.62,21-09-13-08-01
0000000044700.41,44700.41,44700.41,21-09-13-08-02
0000000044658.7,44658.7,44658.7,21-09-13-08-03
0000000044648.97,44648.97,44648.97,21-09-13-08-04
0000000044607.29,44607.29,44607.29,21-09-13-08-05
0000000044605.37,44605.37,44605.37,21-09-13-08-06
0000000044549.78,44549.78,44549.78,21-09-13-08-07
0000000044563.6,44563.6,44563.6,21-09-13-08-08
0000000044678.22,44678.22,44678.22,21-09-13-08-09
0000000044692.06,44692.06,44692.06,21-09-13-08-10
0000000044654.5,44654.5,44654.5,21-09-13-08-11
0000000044634.56,44634.56,44634.56,21-09-13-08-12
0000000044595.36,44595.36,44595.36,21-09-13-08-13
0000000044544.34,44544.34,44544.34,21-09-13-08-14
0000000044472.7,44472.7,44472.7,21-09-13-08-15
0000000044488.51,44488.51,44488.51,21-09-13-08-16
0000000044488.51,44488.51,44488.51,21-09-13-08-17
0000000044525.88,44525.88,44525.88,21-09-13-08-18
0000000044591.32,44591.32,44591.32,21-09-13-08-19
0000000044591.32,44591.32,44591.32,21-09-13-08-20
0000000044604.47,44604.47,44604.47,21-09-13-08-21
0000000044638.39,44638.39,44638.39,21-09-13-08-22
0000000044656.39,44656.39,44656.39,21-09-13-08-23
0000000044677.99,44677.99,44677.99,21-09-13-08-24
0000000044677.99,44677.99,44677.99,21-09-13-08-25
0000000044684.1,44684.1,44684.1,21-09-13-08-26
0000000044655.43,44655.43,44655.43,21-09-13-08-27
0000000044633.27,44633.27,44633.27,21-09-13-08-28
0000000044734.46,44734.46,44734.46,21-09-13-08-29
0000000044699.3,44699.3,44699.3,21-09-13-08-30
0000000044683.25,44683.25,44683.25,21-09-13-08-31
0000000044663.82,44663.82,44663.82,21-09-13-08-32
0000000044674.98,44674.98,44674.98,21-09-13-08-33
0000000044669.66,44669.66,44669.66,21-09-13-08-34
0000000044650.23,44650.23,44650.23,21-09-13-08-35
0000000044648.42,44648.42,44648.42,21-09-13-08-36
0000000044658.46,44658.46,44658.46,21-09-13-08-38
0000000044654.33,44654.33,44654.33,21-09-13-08-39
0000000044654.75,44654.75,44654.75,21-09-13-08-40
0000000044663.04,44663.04,44663.04,21-09-13-08-41
0000000044664.7,44664.7,44664.7,21-09-13-08-42
0000000044664.7,44664.7,44664.7,21-09-13-08-43
0000000044685.98,44685.98,44685.98,21-09-13-08-44
0000000044757.61,44757.61,44757.61,21-09-13-08-45
0000000044757.61,44757.61,44757.61,21-09-13-08-46
0000000044816.15,44816.15,44816.15,21-09-13-08-47
0000000044871.88,44871.88,44871.88,21-09-13-08-48
0000000044946.37,44946.37,44946.37,21-09-13-08-49
0000000044946.37,44946.37,44946.37,21-09-13-08-50
0000000044913.45,44913.45,44913.45,21-09-13-08-51
0000000044884.14,44884.14,44884.14,21-09-13-08-52
0000000044903.32,44903.32,44903.32,21-09-13-08-53
0000000044858.68,44858.68,44858.68,21-09-13-08-54
0000000044851.23,44851.23,44851.23,21-09-13-08-55
0000000044809.75,44809.75,44809.75,21-09-13-08-56
0000000044775.41,44775.41,44775.41,21-09-13-08-57
0000000044741.14,44741.14,44741.14,21-09-13-08-58
0000000044749.43,44749.43,44749.43,21-09-13-08-59
0000000044789.58,44789.58,44789.58,21-09-13-09-00
0000000044789.58,44789.58,44789.58,21-09-13-09-01
0000000044713.06,44713.06,44713.06,21-09-13-09-02
0000000044719.83,44719.83,44719.83,21-09-13-09-03
0000000044701.16,44701.16,44701.16,21-09-13-09-04
0000000044696.5,44696.5,44696.5,21-09-13-09-05
0000000044684.04,44684.04,44684.04,21-09-13-09-06
0000000044659.94,44659.94,44659.94,21-09-13-09-07
0000000044667.81,44667.81,44667.81,21-09-13-09-08
0000000044658.89,44658.89,44658.89,21-09-13-09-09
0000000044685.69,44685.69,44685.69,21-09-13-09-10
0000000044664.77,44664.77,44664.77,21-09-13-09-11
0000000044672.63,44672.63,44672.63,21-09-13-09-12
0000000044703.79,44703.79,44703.79,21-09-13-09-13
0000000044746.81,44746.81,44746.81,21-09-13-09-14
0000000044782.09,44782.09,44782.09,21-09-13-09-15
0000000044739.2,44739.2,44739.2,21-09-13-09-16
0000000044721.4,44721.4,44721.4,21-09-13-09-17
0000000044715.03,44715.03,44715.03,21-09-13-09-18
0000000044698.48,44698.48,44698.48,21-09-13-09-19
0000000044684.3,44684.3,44684.3,21-09-13-09-20
0000000044719.22,44719.22,44719.22,21-09-13-09-21
0000000044698.23,44698.23,44698.23,21-09-13-09-22
0000000044766.26,44766.26,44766.26,21-09-13-09-23
0000000044754.72,44754.72,44754.72,21-09-13-09-24
0000000044784.85,44784.85,44784.85,21-09-13-09-25
0000000044840.21,44840.21,44840.21,21-09-13-09-26
0000000044819.56,44819.56,44819.56,21-09-13-09-27
0000000044831.22,44831.22,44831.22,21-09-13-09-28
0000000044833.29,44833.29,44833.29,21-09-13-09-29
0000000044832.67,44832.67,44832.67,21-09-13-09-30
0000000044828.62,44828.62,44828.62,21-09-13-09-31
0000000044849.44,44849.44,44849.44,21-09-13-09-32
0000000044881.18,44881.18,44881.18,21-09-13-09-33
0000000044881.68,44881.68,44881.68,21-09-13-09-34
0000000044894.86,44894.86,44894.86,21-09-13-09-35
0000000044860.59,44860.59,44860.59,21-09-13-09-36
0000000044853.75,44853.75,44853.75,21-09-13-09-37
0000000044828.03,44828.03,44828.03,21-09-13-09-38
0000000044822.96,44822.96,44822.96,21-09-13-09-39
0000000044767.14,44767.14,44767.14,21-09-13-09-40
0000000044769.11,44769.11,44769.11,21-09-13-09-41
0000000044756.88,44756.88,44756.88,21-09-13-09-42
0000000044777.04,44777.04,44777.04,21-09-13-09-43
0000000044792.6,44792.6,44792.6,21-09-13-09-44
0000000044804.17,44804.17,44804.17,21-09-13-09-45
0000000044792.46,44792.46,44792.46,21-09-13-09-46
0000000044793.38,44793.38,44793.38,21-09-13-09-47
0000000044771.25,44771.25,44771.25,21-09-13-09-48
0000000044789.12,44789.12,44789.12,21-09-13-09-49
0000000044781.31,44781.31,44781.31,21-09-13-09-50
0000000044781.31,44781.31,44781.31,21-09-13-09-51
0000000044782.05,44782.05,44782.05,21-09-13-09-52
0000000044800.53,44800.53,44800.53,21-09-13-09-53
0000000044803.76,44803.76,44803.76,21-09-13-09-54
0000000044822.4,44822.4,44822.4,21-09-13-09-55
0000000044822.4,44822.4,44822.4,21-09-13-09-57
0000000044777.24,44777.24,44777.24,21-09-13-09-58
0000000044819.48,44819.48,44819.48,21-09-13-09-59
0000000044827.99,44827.99,44827.99,21-09-13-10-00
0000000044821.07,44821.07,44821.07,21-09-13-10-01
0000000044792.69,44792.69,44792.69,21-09-13-10-02
0000000044834.88,44834.88,44834.88,21-09-13-10-03
0000000044848.78,44848.78,44848.78,21-09-13-10-04
0000000044848.78,44848.78,44848.78,21-09-13-10-05
0000000044848.42,44848.42,44848.42,21-09-13-10-06
0000000044870.89,44870.89,44870.89,21-09-13-10-07
0000000044868.5,44868.5,44868.5,21-09-13-10-08
0000000044881.71,44881.71,44881.71,21-09-13-10-09
0000000044877.13,44877.13,44877.13,21-09-13-10-10
0000000044877.13,44877.13,44877.13,21-09-13-10-11
0000000044842.07,44842.07,44842.07,21-09-13-10-12
0000000044809.23,44809.23,44809.23,21-09-13-10-13
0000000044803.8,44803.8,44803.8,21-09-13-10-14
0000000044768.12,44768.12,44768.12,21-09-13-10-15
0000000044768.12,44768.12,44768.12,21-09-13-10-16
0000000044685.68,44685.68,44685.68,21-09-13-10-17
0000000044650.78,44650.78,44650.78,21-09-13-10-18
0000000044566.78,44566.78,44566.78,21-09-13-10-19
0000000044455.34,44455.34,44455.34,21-09-13-10-20
0000000044468.2,44468.2,44468.2,21-09-13-10-21
0000000044523.05,44523.05,44523.05,21-09-13-10-22
0000000044540.7,44540.7,44540.7,21-09-13-10-23
0000000044484.15,44484.15,44484.15,21-09-13-10-24
0000000044468.21,44468.21,44468.21,21-09-13-10-25
0000000044433.61,44433.61,44433.61,21-09-13-10-26
0000000044417.45,44417.45,44417.45,21-09-13-10-27
0000000044378.63,44378.63,44378.63,21-09-13-10-28
0000000044338.27,44338.27,44338.27,21-09-13-10-29
0000000044350.68,44350.68,44350.68,21-09-13-10-30
0000000044276.72,44276.72,44276.72,21-09-13-10-31
0000000044261.05,44261.05,44261.05,21-09-13-10-32
0000000044328.07,44328.07,44328.07,21-09-13-10-33
0000000044345.81,44345.81,44345.81,21-09-13-10-34
0000000044414.4,44414.4,44414.4,21-09-13-10-35
0000000044418.45,44418.45,44418.45,21-09-13-10-36
0000000044441.46,44441.46,44441.46,21-09-13-10-37
0000000044476.13,44476.13,44476.13,21-09-13-10-38
0000000044462.4,44462.4,44462.4,21-09-13-10-39
0000000044451.64,44451.64,44451.64,21-09-13-10-40
0000000044519.58,44519.58,44519.58,21-09-13-10-41
0000000044523.55,44523.55,44523.55,21-09-13-10-42
0000000044486.46,44486.46,44486.46,21-09-13-10-43
0000000044447.32,44447.32,44447.32,21-09-13-10-44
0000000044428.28,44428.28,44428.28,21-09-13-10-45
0000000044324.44,44324.44,44324.44,21-09-13-10-46
0000000044255.81,44255.81,44255.81,21-09-13-10-47
0000000044314.31,44314.31,44314.31,21-09-13-10-48
0000000044290.65,44290.65,44290.65,21-09-13-10-49
0000000044258.15,44258.15,44258.15,21-09-13-10-50
0000000044335.49,44335.49,44335.49,21-09-13-10-51
0000000044340.58,44340.58,44340.58,21-09-13-10-52
0000000044351.94,44351.94,44351.94,21-09-13-10-53
0000000044376.99,44376.99,44376.99,21-09-13-10-54
0000000044447.32,44447.32,44447.32,21-09-13-10-55
0000000044477.89,44477.89,44477.89,21-09-13-10-56
0000000044498.76,44498.76,44498.76,21-09-13-10-57
0000000044498.76,44498.76,44498.76,21-09-13-10-58
0000000044439.42,44439.42,44439.42,21-09-13-10-59
0000000044481.25,44481.25,44481.25,21-09-13-11-00
0000000044486.0,44486.0,44486.0,21-09-13-11-01
0000000044447.23,44447.23,44447.23,21-09-13-11-02
0000000044515.43,44515.43,44515.43,21-09-13-11-03
0000000044519.67,44519.67,44519.67,21-09-13-11-04
0000000044474.77,44474.77,44474.77,21-09-13-11-05
0000000044449.88,44449.88,44449.88,21-09-13-11-06
0000000044392.96,44392.96,44392.96,21-09-13-11-07
0000000044403.66,44403.66,44403.66,21-09-13-11-08
0000000044403.66,44403.66,44403.66,21-09-13-11-09
0000000044371.36,44371.36,44371.36,21-09-13-11-10
0000000044371.36,44371.36,44371.36,21-09-13-11-11
0000000044362.63,44362.63,44362.63,21-09-13-11-12
0000000044387.83,44387.83,44387.83,21-09-13-11-13
0000000044389.38,44389.38,44389.38,21-09-13-11-14
0000000044280.32,44280.32,44280.32,21-09-13-11-15
0000000044274.85,44274.85,44274.85,21-09-13-11-16
0000000044274.85,44274.85,44274.85,21-09-13-11-17
0000000044227.72,44227.72,44227.72,21-09-13-11-19
0000000044264.09,44264.09,44264.09,21-09-13-11-20
0000000044264.09,44264.09,44264.09,21-09-13-11-21
0000000044223.0,44223.0,44223.0,21-09-13-11-22
0000000044291.03,44291.03,44291.03,21-09-13-11-23
0000000044340.04,44340.04,44340.04,21-09-13-11-24
0000000044340.04,44340.04,44340.04,21-09-13-11-25
0000000044389.59,44389.59,44389.59,21-09-13-11-26
0000000044389.59,44389.59,44389.59,21-09-13-11-27
0000000044417.8,44417.8,44417.8,21-09-13-11-28
0000000044354.54,44354.54,44354.54,21-09-13-11-29
0000000044354.54,44354.54,44354.54,21-09-13-11-30
0000000044400.92,44400.92,44400.92,21-09-13-11-31
0000000044460.03,44460.03,44460.03,21-09-13-11-32
0000000044464.96,44464.96,44464.96,21-09-13-11-33
0000000044464.96,44464.96,44464.96,21-09-13-11-34
0000000044500.64,44500.64,44500.64,21-09-13-11-35
0000000044538.79,44538.79,44538.79,21-09-13-11-36
0000000044538.79,44538.79,44538.79,21-09-13-11-37
0000000044456.74,44456.74,44456.74,21-09-13-11-38
0000000044445.97,44445.97,44445.97,21-09-13-11-39
0000000044407.32,44407.32,44407.32,21-09-13-11-40
0000000044407.32,44407.32,44407.32,21-09-13-11-41
0000000044305.1,44305.1,44305.1,21-09-13-11-42
0000000044338.72,44338.72,44338.72,21-09-13-11-43
0000000044305.85,44305.85,44305.85,21-09-13-11-44
0000000044272.86,44272.86,44272.86,21-09-13-11-45
0000000044266.38,44266.38,44266.38,21-09-13-11-46
0000000044292.06,44292.06,44292.06,21-09-13-11-47
0000000044318.89,44318.89,44318.89,21-09-13-11-48
0000000044347.09,44347.09,44347.09,21-09-13-11-49
0000000044346.3,44346.3,44346.3,21-09-13-11-50
0000000044388.95,44388.95,44388.95,21-09-13-11-51
0000000044372.39,44372.39,44372.39,21-09-13-11-52
0000000044367.44,44367.44,44367.44,21-09-13-11-53
0000000044341.51,44341.51,44341.51,21-09-13-11-54
0000000044451.96,44451.96,44451.96,21-09-13-11-55
0000000044450.24,44450.24,44450.24,21-09-13-11-56
0000000044400.66,44400.66,44400.66,21-09-13-11-57
0000000044425.59,44425.59,44425.59,21-09-13-11-58
0000000044430.12,44430.12,44430.12,21-09-13-11-59
0000000044415.89,44415.89,44415.89,21-09-13-12-00
0000000044450.51,44450.51,44450.51,21-09-13-12-01
0000000044440.69,44440.69,44440.69,21-09-13-12-02
0000000044432.61,44432.61,44432.61,21-09-13-12-03
0000000044451.95,44451.95,44451.95,21-09-13-12-04
0000000044478.31,44478.31,44478.31,21-09-13-12-05
0000000044484.15,44484.15,44484.15,21-09-13-12-06
0000000044480.84,44480.84,44480.84,21-09-13-12-07
0000000044476.1,44476.1,44476.1,21-09-13-12-08
0000000044481.91,44481.91,44481.91,21-09-13-12-09
0000000044498.45,44498.45,44498.45,21-09-13-12-10
0000000044490.28,44490.28,44490.28,21-09-13-12-11
0000000044441.98,44441.98,44441.98,21-09-13-12-12
0000000044452.63,44452.63,44452.63,21-09-13-12-13
0000000044467.72,44467.72,44467.72,21-09-13-12-14
0000000044448.97,44448.97,44448.97,21-09-13-12-15
0000000044469.82,44469.82,44469.82,21-09-13-12-16
0000000044496.5,44496.5,44496.5,21-09-13-12-17
0000000044500.72,44500.72,44500.72,21-09-13-12-18
0000000044507.35,44507.35,44507.35,21-09-13-12-19
0000000044462.6,44462.6,44462.6,21-09-13-12-20
0000000044454.64,44454.64,44454.64,21-09-13-12-21
0000000044455.7,44455.7,44455.7,21-09-13-12-22
0000000044414.97,44414.97,44414.97,21-09-13-12-23
0000000044414.97,44414.97,44414.97,21-09-13-12-24
0000000044402.71,44402.71,44402.71,21-09-13-12-25
0000000044415.32,44415.32,44415.32,21-09-13-12-26
0000000044404.52,44404.52,44404.52,21-09-13-12-27
0000000044439.63,44439.63,44439.63,21-09-13-12-28
0000000044464.96,44464.96,44464.96,21-09-13-12-29
0000000044477.73,44477.73,44477.73,21-09-13-12-30
0000000044457.62,44457.62,44457.62,21-09-13-12-31
0000000044447.96,44447.96,44447.96,21-09-13-12-32
0000000044447.96,44447.96,44447.96,21-09-13-12-33
0000000044452.14,44452.14,44452.14,21-09-13-12-34
0000000044521.82,44521.82,44521.82,21-09-13-12-35
0000000044521.82,44521.82,44521.82,21-09-13-12-36
0000000044606.6,44606.6,44606.6,21-09-13-12-37
0000000044603.38,44603.38,44603.38,21-09-13-12-38
0000000044603.38,44603.38,44603.38,21-09-13-12-39
0000000044563.88,44563.88,44563.88,21-09-13-12-40
0000000044563.88,44563.88,44563.88,21-09-13-12-41
0000000044551.38,44551.38,44551.38,21-09-13-12-42
0000000044550.66,44550.66,44550.66,21-09-13-12-43
0000000044547.19,44547.19,44547.19,21-09-13-12-45
0000000044547.19,44547.19,44547.19,21-09-13-12-46
0000000044530.87,44530.87,44530.87,21-09-13-12-47
0000000044530.87,44530.87,44530.87,21-09-13-12-48
0000000044549.23,44549.23,44549.23,21-09-13-12-49
0000000044537.29,44537.29,44537.29,21-09-13-12-50
0000000044500.8,44500.8,44500.8,21-09-13-12-51
0000000044523.25,44523.25,44523.25,21-09-13-12-52
0000000044523.25,44523.25,44523.25,21-09-13-12-53
0000000044513.55,44513.55,44513.55,21-09-13-12-54
0000000044509.01,44509.01,44509.01,21-09-13-12-55
0000000044507.72,44507.72,44507.72,21-09-13-12-56
0000000044502.84,44502.84,44502.84,21-09-13-12-57
0000000044465.4,44465.4,44465.4,21-09-13-12-58
0000000044465.4,44465.4,44465.4,21-09-13-12-59
0000000044515.67,44515.67,44515.67,21-09-13-13-00
0000000044515.67,44515.67,44515.67,21-09-13-13-01
0000000044512.02,44512.02,44512.02,21-09-13-13-02
0000000044557.07,44557.07,44557.07,21-09-13-13-03
0000000044572.49,44572.49,44572.49,21-09-13-13-04
0000000044593.94,44593.94,44593.94,21-09-13-13-05
0000000044593.94,44593.94,44593.94,21-09-13-13-06
0000000044570.91,44570.91,44570.91,21-09-13-13-07
0000000044566.43,44566.43,44566.43,21-09-13-13-08
0000000044564.59,44564.59,44564.59,21-09-13-13-09
0000000044567.82,44567.82,44567.82,21-09-13-13-10
0000000044590.35,44590.35,44590.35,21-09-13-13-11
0000000044598.49,44598.49,44598.49,21-09-13-13-12
0000000044597.09,44597.09,44597.09,21-09-13-13-13
0000000044628.91,44628.91,44628.91,21-09-13-13-14
0000000044649.3,44649.3,44649.3,21-09-13-13-15
0000000044642.1,44642.1,44642.1,21-09-13-13-16
0000000044718.5,44718.5,44718.5,21-09-13-13-17
0000000044708.94,44708.94,44708.94,21-09-13-13-18
0000000044680.18,44680.18,44680.18,21-09-13-13-19
0000000044651.0,44651.0,44651.0,21-09-13-13-20
0000000044631.02,44631.02,44631.02,21-09-13-13-21
0000000044622.42,44622.42,44622.42,21-09-13-13-22
0000000044628.72,44628.72,44628.72,21-09-13-13-23
0000000044615.96,44615.96,44615.96,21-09-13-13-24
0000000044591.17,44591.17,44591.17,21-09-13-13-25
0000000044605.3,44605.3,44605.3,21-09-13-13-26
0000000044647.59,44647.59,44647.59,21-09-13-13-27
0000000044651.72,44651.72,44651.72,21-09-13-13-28
0000000044636.04,44636.04,44636.04,21-09-13-13-29
0000000044661.15,44661.15,44661.15,21-09-13-13-30
0000000044678.36,44678.36,44678.36,21-09-13-13-31
0000000044660.07,44660.07,44660.07,21-09-13-13-32
0000000044657.61,44657.61,44657.61,21-09-13-13-33
0000000044656.36,44656.36,44656.36,21-09-13-13-34
0000000044635.13,44635.13,44635.13,21-09-13-13-35
0000000044630.9,44630.9,44630.9,21-09-13-13-36
0000000044625.01,44625.01,44625.01,21-09-13-13-37
0000000044648.54,44648.54,44648.54,21-09-13-13-38
0000000044644.36,44644.36,44644.36,21-09-13-13-39
0000000044646.47,44646.47,44646.47,21-09-13-13-40
0000000044625.19,44625.19,44625.19,21-09-13-13-41
0000000044607.13,44607.13,44607.13,21-09-13-13-42
0000000044604.01,44604.01,44604.01,21-09-13-13-43
0000000044604.38,44604.38,44604.38,21-09-13-13-44
0000000044594.73,44594.73,44594.73,21-09-13-13-45
0000000044549.47,44549.47,44549.47,21-09-13-13-46
0000000044549.47,44549.47,44549.47,21-09-13-13-47
0000000044595.1,44595.1,44595.1,21-09-13-13-48
0000000044581.81,44581.81,44581.81,21-09-13-13-49
0000000044579.8,44579.8,44579.8,21-09-13-13-50
0000000044596.28,44596.28,44596.28,21-09-13-13-51
0000000044618.16,44618.16,44618.16,21-09-13-13-52
0000000044628.99,44628.99,44628.99,21-09-13-13-53
0000000044644.53,44644.53,44644.53,21-09-13-13-54
0000000044644.53,44644.53,44644.53,21-09-13-13-55
0000000044654.74,44654.74,44654.74,21-09-13-13-56
0000000044664.06,44664.06,44664.06,21-09-13-13-57
0000000044675.4,44675.4,44675.4,21-09-13-13-58
0000000044667.41,44667.41,44667.41,21-09-13-13-59
0000000044701.41,44701.41,44701.41,21-09-13-14-00
0000000044655.49,44655.49,44655.49,21-09-13-14-01
0000000044655.16,44655.16,44655.16,21-09-13-14-02
0000000044657.45,44657.45,44657.45,21-09-13-14-03
0000000044624.84,44624.84,44624.84,21-09-13-14-05
0000000044596.77,44596.77,44596.77,21-09-13-14-06
0000000044605.47,44605.47,44605.47,21-09-13-14-07
0000000044619.01,44619.01,44619.01,21-09-13-14-08
0000000044610.88,44610.88,44610.88,21-09-13-14-09
0000000044579.86,44579.86,44579.86,21-09-13-14-10
0000000044579.86,44579.86,44579.86,21-09-13-14-11
0000000044471.14,44471.14,44471.14,21-09-13-14-12
0000000044437.21,44437.21,44437.21,21-09-13-14-13
0000000044437.21,44437.21,44437.21,21-09-13-14-14
0000000044398.62,44398.62,44398.62,21-09-13-14-15
0000000044254.63,44254.63,44254.63,21-09-13-14-16
0000000044254.63,44254.63,44254.63,21-09-13-14-17
0000000044314.5,44314.5,44314.5,21-09-13-14-18
0000000044455.75,44455.75,44455.75,21-09-13-14-19
0000000044552.02,44552.02,44552.02,21-09-13-14-20
0000000044717.62,44717.62,44717.62,21-09-13-14-21
0000000044717.66,44717.66,44717.66,21-09-13-14-22
0000000044692.31,44692.31,44692.31,21-09-13-14-23
0000000044678.59,44678.59,44678.59,21-09-13-14-24
0000000044677.44,44677.44,44677.44,21-09-13-14-25
0000000044674.13,44674.13,44674.13,21-09-13-14-26
0000000044627.73,44627.73,44627.73,21-09-13-14-27
0000000044615.29,44615.29,44615.29,21-09-13-14-28
0000000044645.53,44645.53,44645.53,21-09-13-14-29
0000000044605.92,44605.92,44605.92,21-09-13-14-30
0000000044677.78,44677.78,44677.78,21-09-13-14-31
0000000044758.47,44758.47,44758.47,21-09-13-14-32
0000000044793.53,44793.53,44793.53,21-09-13-14-33
0000000044763.87,44763.87,44763.87,21-09-13-14-34
0000000044769.86,44769.86,44769.86,21-09-13-14-35
0000000044794.86,44794.86,44794.86,21-09-13-14-36
0000000044777.21,44777.21,44777.21,21-09-13-14-37
0000000044755.61,44755.61,44755.61,21-09-13-14-38
0000000044771.47,44771.47,44771.47,21-09-13-14-39
0000000044748.14,44748.14,44748.14,21-09-13-14-40
0000000044730.95,44730.95,44730.95,21-09-13-14-41
0000000044696.79,44696.79,44696.79,21-09-13-14-42
0000000044693.69,44693.69,44693.69,21-09-13-14-43
0000000044739.83,44739.83,44739.83,21-09-13-14-44
0000000044755.43,44755.43,44755.43,21-09-13-14-45
0000000044761.82,44761.82,44761.82,21-09-13-14-46
0000000044726.65,44726.65,44726.65,21-09-13-14-47
0000000044729.02,44729.02,44729.02,21-09-13-14-48
0000000044719.02,44719.02,44719.02,21-09-13-14-49
0000000044712.41,44712.41,44712.41,21-09-13-14-50
0000000044667.02,44667.02,44667.02,21-09-13-14-51
0000000044691.47,44691.47,44691.47,21-09-13-14-52
0000000044729.24,44729.24,44729.24,21-09-13-14-53
0000000044739.99,44739.99,44739.99,21-09-13-14-54
0000000044763.06,44763.06,44763.06,21-09-13-14-55
0000000044765.03,44765.03,44765.03,21-09-13-14-56
0000000044793.74,44793.74,44793.74,21-09-13-14-57
0000000044814.91,44814.91,44814.91,21-09-13-14-58
0000000044885.37,44885.37,44885.37,21-09-13-14-59
0000000044889.07,44889.07,44889.07,21-09-13-15-00
0000000044856.4,44856.4,44856.4,21-09-13-15-01
0000000044842.24,44842.24,44842.24,21-09-13-15-02
0000000044842.24,44842.24,44842.24,21-09-13-15-03
0000000044870.27,44870.27,44870.27,21-09-13-15-04
0000000044861.75,44861.75,44861.75,21-09-13-15-05
0000000044914.69,44914.69,44914.69,21-09-13-15-06
0000000044914.69,44914.69,44914.69,21-09-13-15-07
0000000044874.23,44874.23,44874.23,21-09-13-15-08
0000000044908.25,44908.25,44908.25,21-09-13-15-09
0000000044934.55,44934.55,44934.55,21-09-13-15-10
0000000044962.39,44962.39,44962.39,21-09-13-15-11
0000000044962.39,44962.39,44962.39,21-09-13-15-12
0000000044955.95,44955.95,44955.95,21-09-13-15-13
0000000044954.41,44954.41,44954.41,21-09-13-15-14
0000000044940.53,44940.53,44940.53,21-09-13-15-15
0000000044940.53,44940.53,44940.53,21-09-13-15-16
0000000044973.56,44973.56,44973.56,21-09-13-15-17
0000000044973.56,44973.56,44973.56,21-09-13-15-18
0000000044941.97,44941.97,44941.97,21-09-13-15-19
0000000044915.75,44915.75,44915.75,21-09-13-15-20
0000000044881.43,44881.43,44881.43,21-09-13-15-21
0000000044827.08,44827.08,44827.08,21-09-13-15-23
0000000044834.18,44834.18,44834.18,21-09-13-15-24
0000000044834.18,44834.18,44834.18,21-09-13-15-25
0000000044785.68,44785.68,44785.68,21-09-13-15-26
0000000044782.47,44782.47,44782.47,21-09-13-15-27
0000000044782.97,44782.97,44782.97,21-09-13-15-28
0000000044750.82,44750.82,44750.82,21-09-13-15-29
0000000044750.82,44750.82,44750.82,21-09-13-15-30
0000000044711.09,44711.09,44711.09,21-09-13-15-31
0000000044711.09,44711.09,44711.09,21-09-13-15-32
0000000044773.5,44773.5,44773.5,21-09-13-15-33
0000000044773.5,44773.5,44773.5,21-09-13-15-34
0000000044769.33,44769.33,44769.33,21-09-13-15-35
0000000044761.05,44761.05,44761.05,21-09-13-15-36
0000000044796.12,44796.12,44796.12,21-09-13-15-37
0000000044796.12,44796.12,44796.12,21-09-13-15-38
0000000044769.69,44769.69,44769.69,21-09-13-15-39
0000000044808.57,44808.57,44808.57,21-09-13-15-40
0000000044804.02,44804.02,44804.02,21-09-13-15-41
0000000044756.62,44756.62,44756.62,21-09-13-15-42
0000000044777.51,44777.51,44777.51,21-09-13-15-43
0000000044755.53,44755.53,44755.53,21-09-13-15-44
0000000044755.78,44755.78,44755.78,21-09-13-15-45
0000000044755.78,44755.78,44755.78,21-09-13-15-46
0000000044768.94,44768.94,44768.94,21-09-13-15-47
0000000044780.05,44780.05,44780.05,21-09-13-15-48
0000000044762.36,44762.36,44762.36,21-09-13-15-49
0000000044706.05,44706.05,44706.05,21-09-13-15-50
0000000044692.55,44692.55,44692.55,21-09-13-15-51
0000000044665.54,44665.54,44665.54,21-09-13-15-52
0000000044661.39,44661.39,44661.39,21-09-13-15-53
0000000044620.17,44620.17,44620.17,21-09-13-15-54
0000000044627.85,44627.85,44627.85,21-09-13-15-55
0000000044648.83,44648.83,44648.83,21-09-13-15-56
0000000044632.84,44632.84,44632.84,21-09-13-15-57
0000000044640.82,44640.82,44640.82,21-09-13-15-58
0000000044646.79,44646.79,44646.79,21-09-13-15-59
0000000044641.27,44641.27,44641.27,21-09-13-16-00
0000000044621.37,44621.37,44621.37,21-09-13-16-01
0000000044652.79,44652.79,44652.79,21-09-13-16-02
0000000044681.48,44681.48,44681.48,21-09-13-16-03
0000000044684.59,44684.59,44684.59,21-09-13-16-04
0000000044687.56,44687.56,44687.56,21-09-13-16-05
0000000044704.37,44704.37,44704.37,21-09-13-16-06
0000000044721.0,44721.0,44721.0,21-09-13-16-07
